HOA,address,baths,beds,desc,homeOwnersInsurance,listingStatus,lotSize,mainImage,mlsNumber,parking,price,pricePerSqft,principalInterest,propertyTax,propertyType,rentalEarnings,scrapeDate,source,sqft,url,yearBuilt,rentalEarningsRawResponse,rentalLow,rentalHigh,rentalEarningsSource
$783/mo,"185 SW 7th St #2808, Miami, FL 33130",1,1,"Listing at 185 SW 7th St #2808, Miami, FL 33130",303,For sale,,https://ssl.cdn-redfin.com/photo/105/bigphoto/781/A11869781_0.jpg,#A11869781,1 car garage,455000,$581 ,"$2,361 ",419,Condo,2880,2025-09-03T01:03:53.613Z,Redfin,783,https://www.redfin.com/FL/Miami/185-SW-7th-St-33130/unit-2808/home/43395160,2007,[object Object],2800,2960,RentCast
$525/mo,"Undisclosed Address, Miami, FL 33130",1,2,"Listing at Undisclosed Address, Miami, FL 33130",167,For sale,,https://ssl.cdn-redfin.com/photo/105/bigphoto/678/A11860678_0.jpg,#A11860678,1 car garage,250000,$303 ,"$1,297 ",291,Condo,2140,2025-09-03T01:04:17.549Z,Redfin,825,https://www.redfin.com/FL/Miami/Undisclosed-address-33130/home/43345175,1948,[object Object],2060,2220,RentCast
"$1,405/mo","92 SW 3rd St #3803, Miami, FL 33130",2.5,3,"Listing at 92 SW 3rd St #3803, Miami, FL 33130",473,For sale,,https://ssl.cdn-redfin.com/photo/105/bigphoto/750/A11869750_3.jpg,#A11869750,1 car garage,710000,$575 ,"$3,684 ",1003,Condo,1035,2025-09-03T01:04:51.151Z,Redfin,1235,https://www.redfin.com/FL/Miami/92-SW-3rd-St-33130/unit-3803/home/43444679,2010,,,,
,"10245 SW 125th Ave, Miami, FL 33186",5,5,"Listing at 10245 SW 125th Ave, Miami, FL 33186",1667,For sale,1.16 acres,https://ssl.cdn-redfin.com/photo/105/bigphoto/871/A11870871_0.jpg,#A11870871,1 space,2500000,$911 ,"$12,972 ",826,Single Family,4713,2025-09-03T01:05:31.340Z,Redfin,2745,https://www.redfin.com/FL/Miami/10245-SW-125th-Ave-33186/home/43179352,1961,,,,
,"9935 SW 132nd Ct, Miami, FL 33186",2,3,"Listing at 9935 SW 132nd Ct, Miami, FL 33186",500,For sale,0.26 acres,https://ssl.cdn-redfin.com/photo/105/bigphoto/197/A11870197_2.jpg,#A11870197,2 car garage,749990,$511 ,"$3,892 ",320,Single Family,3353,2025-09-03T01:06:04.863Z,Redfin,1468,https://www.redfin.com/FL/Miami/9935-SW-132nd-Ct-33186/home/43182837,1980,,,,
,"665 Silver Lake Blvd, Los Angeles, CA 90026",5,7,"Listing at 665 Silver Lake Blvd, Los Angeles, CA 90026",267,For sale,"5,936 sq ft",https://ssl.cdn-redfin.com/photo/45/bigphoto/999/SR25194999_0.jpg,#SR25194999,2 garage spaces,999999,$260 ,"$5,189 ",1042,Multi-Family,4190,2025-09-03T01:06:46.703Z,Redfin,3850,https://www.redfin.com/CA/Los-Angeles/665-Silver-Lake-Blvd-90026/home/7051755,1956,[object Object],2260,6110,RentCast
,"3117 Berkeley Ave, Los Angeles, CA 90026",3,3,"Listing at 3117 Berkeley Ave, Los Angeles, CA 90026",425,For sale,"2,933 sq ft",https://ssl.cdn-redfin.com/photo/45/bigphoto/898/P1-23898_0.jpg,#P1-23898,1 car garage,1595000,"$1,176 ","$8,276 ",1661,Single Family,5234,2025-09-03T01:07:08.539Z,Redfin,1356,https://www.redfin.com/CA/Los-Angeles/3117-Berkeley-Ave-90026/home/7058843,1925,,,,
$558/mo,"4004 Banister Ln #215, Austin, TX 78704",2,2,"Listing at 4004 Banister Ln #215, Austin, TX 78704",363,For sale,"2,539 sq ft",https://ssl.cdn-redfin.com/system_files/media/1136434_JPG/item_8.jpg,#3282967,,495000,$403 ,"$2,568 ",816,Condo,3190,2025-09-03T01:07:45.168Z,Redfin,1227,https://www.redfin.com/TX/Austin/4004-Banister-Ln-78704/unit-215/home/187491980,2022,[object Object],2740,3630,RentCast
$387/mo,"2707 Dulce Ln #15, Austin, TX 78704",2.5,3,"Listing at 2707 Dulce Ln #15, Austin, TX 78704",568,For sale,1.38 acres,https://ssl.cdn-redfin.com/photo/92/bigphoto/167/6040167_2.jpg,#6040167,,775000,$453 ,"$4,021 ",1151,Condo,4090,2025-09-03T01:08:22.601Z,Redfin,1709,https://www.redfin.com/TX/Austin/2707-Dulce-Ln-78704/unit-15/home/191776473,2024,[object Object],3900,4280,RentCast
,"118 16th Ave, Seattle, WA 98122",2,4,"Listing at 118 16th Ave, Seattle, WA 98122",316,For sale,"3,840 sq ft",https://ssl.cdn-redfin.com/photo/1/bigphoto/051/2428051_0.jpg,#2428051,1 car garage,1149950,$483 ,"$5,967 ",640,Single Family,3800,2025-09-03T01:08:58.017Z,Redfin,2380,https://www.redfin.com/WA/Seattle/118-16th-Ave-98122/home/145615,1900,[object Object],3600,3990,RentCast
$1/mo,"1110 B 34th Ave, Seattle, WA 98122",2,2,"Listing at 1110 B 34th Ave, Seattle, WA 98122",232,For sale,807 sq ft,https://ssl.cdn-redfin.com/photo/1/bigphoto/553/2426553_0.jpg,#2426553,,845000,$711 ,"$4,385 ",0,Single Family,3240,2025-09-03T01:09:29.584Z,Redfin,1188,https://www.redfin.com/WA/Seattle/1110-34th-Ave-98122/home/197503000,2025,[object Object],2600,3880,RentCast
$589/mo,"1610 Belmont Ave #407, Seattle, WA 98122",1,1,"Listing at 1610 Belmont Ave #407, Seattle, WA 98122",109,For sale,,https://ssl.cdn-redfin.com/photo/1/bigphoto/671/2425671_2.jpg,#2425671,1 car garage,395000,$669 ,"$2,050 ",293,Condo,1817,2025-09-03T01:09:52.223Z,Redfin,590,https://www.redfin.com/WA/Seattle/1610-Belmont-Ave-98122/unit-407/home/12092039,2001,,,,
$270/mo,"2845 E Tracy Ln #3, Phoenix, AZ 85032",,3,"Listing at 2845 E Tracy Ln #3, Phoenix, AZ 85032",83,For sale,"1,548 sq ft",https://ssl.cdn-redfin.com/system_files/media/1138901_JPG/item_42.jpg,#6911186,,270000,$225 ,"$1,401 ",44,Single Family,2190,2025-09-03T01:11:04.068Z,Redfin,1199,https://www.redfin.com/AZ/Phoenix/2845-E-Tracy-Ln-85032/unit-3/home/143493995,1984,[object Object],1850,2530,RentCast
$117/mo,"16735 Ansley Walk Ln #84, Charlotte, NC 28277",4.5,5,"Listing at 16735 Ansley Walk Ln #84, Charlotte, NC 28277",527,COMING SOON ON SEP 5,0.67 acres,https://ssl.cdn-redfin.com/photo/103/bigphoto/436/4296436_0.jpg,#4296436,,1345000,$258 ,"$6,979 ",1244,Single Family,4230,2025-09-03T01:11:41.712Z,Redfin,5219,https://www.redfin.com/NC/Charlotte/16735-Ansley-Walk-Ln-28277/unit-84/home/197554833,2000,[object Object],3640,4810,RentCast
,"1025 Hunter Ave, Columbus, OH 43201",3.5,4,"Listing at 1025 Hunter Ave, Columbus, OH 43201",427,For sale,"3,920 sq ft",https://ssl.cdn-redfin.com/photo/160/bigphoto/213/225033213_2.jpg,#225033213,2 car garage,1139000,$296 ,"$5,910 ",221,Single Family,3580,2025-09-03T01:12:24.074Z,Redfin,3842,https://www.redfin.com/OH/Columbus/1025-Hunter-Ave-43201/home/109576681,2025,[object Object],2700,4470,RentCast
$330/mo,"4031 W Conejos Pl, Denver, CO 80204",4,3,"Listing at 4031 W Conejos Pl, Denver, CO 80204",420,For sale,"1,177 sq ft",https://ssl.cdn-redfin.com/photo/94/bigphoto/977/4213977_0.jpg,#4213977,,900000,$453 ,"$4,670 ",607,Single Family,3150,2025-09-03T01:12:59.298Z,Redfin,1987,https://www.redfin.com/CO/Denver/4031-W-Conejos-Pl-80204/home/104000703,2016,[object Object],2750,3550,RentCast
$350/mo,"1518 SE Main St, Portland, OR 97214",1.5,2,"Listing at 1518 SE Main St, Portland, OR 97214",67,For sale,,https://ssl.cdn-redfin.com/photo/84/bigphoto/567/302035567_0.jpg,#302035567,,350000,$186 ,"$1,816 ",206,Condo,1791,2025-09-03T01:13:32.260Z,Redfin,1877,https://www.redfin.com/OR/Portland/1518-SE-Main-St-97214/home/26509520,1939,,,,
$738/mo,"855 Peachtree St NE #3005, Atlanta, GA 30308",2,2,"Listing at 855 Peachtree St NE #3005, Atlanta, GA 30308",220,For sale,,https://ssl.cdn-redfin.com/photo/82/bigphoto/116/7642116_0.jpg,#7642116,2 car garage,425000,$433 ,"$2,205 ",438,Condo,2135,2025-09-03T01:14:51.919Z,Redfin,982,https://www.redfin.com/GA/Atlanta/855-Peachtree-St-NE-30308/unit-3005/home/28490262,2008,,,,
$577/mo,"860 Peachtree St NE #904, Atlanta, GA 30308",1,1,"Listing at 860 Peachtree St NE #904, Atlanta, GA 30308",170,For sale,875 sq ft,https://ssl.cdn-redfin.com/photo/82/bigphoto/822/7641822_0.jpg,#7641822,,329900,$376 ,"$1,712 ",436,Condo,2166,2025-09-03T01:15:25.898Z,Redfin,877,https://www.redfin.com/GA/Atlanta/860-Peachtree-St-NE-30308/unit-904/home/24784018,2005,,,,
"$6,323/mo","15 Hudson Yards Unit 25H, New York City, NY 10001",3.5,3,"Listing at 15 Hudson Yards Unit 25H, New York City, NY 10001",1943,For sale,,https://ssl.cdn-redfin.com/photo/211/bigphoto/094/RLS20044094_2.jpg,#RLS20044094,,5180000,"$2,333 ","$26,878 ",4792,Single Family,4716,2025-09-03T01:17:27.697Z,Redfin,2220,https://www.redfin.com/NY/New-York/15-Hudson-Yards-10001/unit-25H/home/114903713,2018,,,,
$344/mo,"70 Fenway #24, Boston, MA 02115",1,1,"Listing at 70 Fenway #24, Boston, MA 02115",190,For sale,,https://ssl.cdn-redfin.com/photo/52/bigphoto/420/73423420_0.jpg,#73423420,,599900,"$1,008 ","$3,113 ",195,Condo,2685,2025-09-03T01:18:02.647Z,Redfin,595,https://www.redfin.com/MA/Boston/70-Fenway-02115/unit-24/home/9265655,1920,,,,
"$7,260/mo","314 Commonwealth Ave Ph, Boston, MA 02115",2.5,2,"Listing at 314 Commonwealth Ave Ph, Boston, MA 02115",2058,For sale,,https://ssl.cdn-redfin.com/photo/52/bigphoto/343/73424343_0.jpg,#73424343,4 car garage,6499000,"$1,366 ","$33,722 ",9841,Condo,5143,2025-09-03T01:18:17.868Z,Redfin,4758,https://www.redfin.com/MA/Boston/314-Commonwealth-Ave-02115/Ph/home/187967087,1899,,,,
$421/mo,"17 Symphony Rd #8, Boston, MA 02115",1,4,"Listing at 17 Symphony Rd #8, Boston, MA 02115",412,For sale,"1,022 sq ft",https://ssl.cdn-redfin.com/photo/52/bigphoto/299/73422299_0.jpg,#73422299,,1300000,"$1,272 ","$6,745 ",711,Condo,3453,2025-09-03T01:19:07.849Z,Redfin,1022,https://www.redfin.com/MA/Boston/17-Symphony-Rd-02115/unit-8/home/9267381,1960,,,,
$505/mo,"2656 15th St NW #103, Washington, DC 20009",1,1,"Listing at 2656 15th St NW #103, Washington, DC 20009",70,For sale,,https://ssl.cdn-redfin.com/photo/235/bigphoto/078/DCDC2215078_0.jpg,#DCDC2215078,,349000,$555 ,"$1,811 ",180,Condo,2187,2025-09-03T01:19:59.503Z,Redfin,629,https://www.redfin.com/DC/Washington/2656-15th-St-NW-20009/unit-103/home/23066962,1937,,,,
$768/mo,"2004 11th St NW #326, Washington, DC 20001",2,2,"Listing at 2004 11th St NW #326, Washington, DC 20001",120,For sale,,https://ssl.cdn-redfin.com/photo/235/bigphoto/130/DCDC2218130_0.jpg,#DCDC2218130,1 car garage,599000,$570 ,"$3,108 ",446,Condo,4476,2025-09-03T01:20:40.551Z,Redfin,1051,https://www.redfin.com/DC/Washington/2004-11th-St-NW-20001/unit-326/home/10183358,2000,,,,
$635/mo,"307 Ridgewood Ave #4, Minneapolis, MN 55403",2,2,"Listing at 307 Ridgewood Ave #4, Minneapolis, MN 55403",187,COMING SOON ON SEP 4,0.38 acres,https://ssl.cdn-redfin.com/photo/114/bigphoto/503/6781503_0.jpg,#6781503,,345000,$160 ,"$1,790 ",350,Single Family,2220,2025-09-03T01:21:34.175Z,Redfin,2150,https://www.redfin.com/MN/Minneapolis/307-Ridgewood-Ave-55403/unit-4/home/51464952,1900,,,,
$849/mo,"2600 SW 27th Ave #506, Miami, FL 33133",2,2,"Listing at 2600 SW 27th Ave #506, Miami, FL 33133",317,For sale,,https://ssl.cdn-redfin.com/photo/105/bigphoto/977/A11870977_0.jpg,#A11870977,1 space,475000,$476 ,"$2,465 ",173,Condo,3090,2025-09-03T01:22:54.453Z,Redfin,997,https://www.redfin.com/FL/Miami/2600-SW-27th-Ave-33133/unit-506/home/43362431,2006,[object Object],2890,3300,RentCast
$360/mo,"542 Goldsboro Rd Unit D, Atlanta, GA 30307",1,2,"Listing at 542 Goldsboro Rd Unit D, Atlanta, GA 30307",150,COMING SOON,"1,306 sq ft",https://ssl.cdn-redfin.com/photo/82/bigphoto/171/7642171_1.jpg,#7642171,,290000,$345 ,"$1,505 ",155,Condo,1834,2025-09-03T01:24:03.134Z,Redfin,840,https://www.redfin.com/GA/Atlanta/542-Goldsboro-Rd-NE-30307/unit-D/home/25542469,1951,,,,
$265/mo,"3828 N 32nd St #232, Phoenix, AZ 85018",,2,"Listing at 3828 N 32nd St #232, Phoenix, AZ 85018",69,For sale,934 sq ft,https://ssl.cdn-redfin.com/photo/86/bigphoto/641/6913641_0.jpg,#6913641,,224500,$228 ,"$1,165 ",43,Condo,1610,2025-09-03T01:25:19.255Z,Redfin,986,https://www.redfin.com/AZ/Phoenix/3828-N-32nd-St-85018/unit-232/home/27550114,1967,[object Object],1350,1880,RentCast
$735/mo,"767 Corbett Ave #3, San Francisco, CA 94131",2.5,2,"Listing at 767 Corbett Ave #3, San Francisco, CA 94131",306,For sale,"9,963 sq ft",https://ssl.cdn-redfin.com/photo/9/bigphoto/975/425066975_0.jpg,#425066975,,1149000,$997 ,"$5,962 ",1197,Condo,5860,2025-09-03T01:27:27.827Z,Redfin,1153,https://www.redfin.com/CA/San-Francisco/767-Corbett-Ave-94131/unit-3/home/674205,2000,[object Object],4190,7520,RentCast
$410/mo,"1510 Demonbreun St #807, Nashville, TN 37203",1,1,"Listing at 1510 Demonbreun St #807, Nashville, TN 37203",247,For sale,871 sq ft,https://ssl.cdn-redfin.com/photo/145/bigphoto/830/2987830_0.jpg,#2987830,1 car garage,479000,$610 ,"$2,485 ",230,Condo,2280,2025-09-03T01:29:23.938Z,Redfin,785,https://www.redfin.com/TN/Nashville/1510-Demonbreun-St-37203/unit-807/home/87809457,2009,[object Object],1800,2770,RentCast
$349/mo,"7032 Steinmeier Dr, Indianapolis, IN 46220",2,2,"Listing at 7032 Steinmeier Dr, Indianapolis, IN 46220",137,For sale,"4,530 sq ft",https://ssl.cdn-redfin.com/photo/147/bigphoto/224/22059224_0.jpg,#22059224,,335000,$254 ,"$1,738 ",244,Single Family,1750,2025-09-03T01:30:20.110Z,Redfin,1320,https://www.redfin.com/IN/Indianapolis/7032-Steinmeier-Dr-46220/home/60151749,1987,[object Object],1500,2000,RentCast
$235/mo,"2031 W Evergreen Ave Unit 1W, Chicago, IL 60622",2,2,"Listing at 2031 W Evergreen Ave Unit 1W, Chicago, IL 60622",147,For sale,,https://ssl.cdn-redfin.com/photo/68/bigphoto/450/12460450_1.jpg,#12460450,1 space,400000,$333 ,"$2,076 ",544,Condo,2705,2025-09-03T01:33:00.694Z,Redfin,1200,https://www.redfin.com/IL/Chicago/2031-W-Evergreen-Ave-60622/unit-1W/home/183676771,1997,,,,
$225/mo,"2636 W Evergreen Ave #1, Chicago, IL 60622",3,3,"Listing at 2636 W Evergreen Ave #1, Chicago, IL 60622",256,For sale,,https://ssl.cdn-redfin.com/photo/68/bigphoto/851/12455851_0.jpg,#12455851,1 car garage,699500,$333 ,"$3,630 ",647,Condo,3343,2025-09-03T01:34:29.273Z,Redfin,2100,https://www.redfin.com/IL/Chicago/2636-W-Evergreen-Ave-60622/unit-1/home/195922367,2025,,,,
$150/mo,"2636 W Evergreen Ave #2, Chicago, IL 60622",2,2,"Listing at 2636 W Evergreen Ave #2, Chicago, IL 60622",183,For sale,,https://ssl.cdn-redfin.com/photo/68/bigphoto/847/12455847_0.jpg,#12455847,1 car garage,499500,$384 ,"$2,592 ",139,Condo,2820,2025-09-03T01:34:50.663Z,Redfin,1300,https://www.redfin.com/IL/Chicago/2636-W-Evergreen-Ave-60622/unit-2/home/13288585,2025,[object Object],2380,3270,RentCast
$635/mo,"166 S Hayworth Ave #201, Los Angeles, CA 90048",2,2,"Listing at 166 S Hayworth Ave #201, Los Angeles, CA 90048",372,For sale,0.25 acres,https://ssl.cdn-redfin.com/photo/40/bigphoto/871/25583871_0.jpg,#25583871,,1395000,$835 ,"$7,238 ",1453,Condo,4360,2025-09-03T01:36:20.978Z,Redfin,1671,https://www.redfin.com/CA/Los-Angeles/166-S-Hayworth-Ave-90048/unit-201/home/7093579,1982,[object Object],4200,4520,RentCast
$404/mo,"1000 Providence Pl Unit 384 & ST126, Providence, RI 02903",1,1,"Listing at 1000 Providence Pl Unit 384 & ST126, Providence, RI 02903",205,For sale,,https://ssl.cdn-redfin.com/photo/116/bigphoto/672/1393672_0.jpg,#1393672,2 car garage,320000,$432 ,"$1,660 ",259,Condo,2500,2025-09-03T01:37:22.728Z,Redfin,741,https://www.redfin.com/RI/Providence/903-Providence-Pl-02903/unit-384/home/51731449,2003,[object Object],1390,3600,RentCast
$684/mo,"283 Benefit St Unit D, Providence, RI 02903",2,2,"Listing at 283 Benefit St Unit D, Providence, RI 02903",442,For sale,,https://ssl.cdn-redfin.com/photo/116/bigphoto/859/1392859_1.jpg,#1392859,,689000,$590 ,"$3,575 ",532,Condo,2338,2025-09-03T01:37:49.611Z,Redfin,1167,https://www.redfin.com/RI/Providence/283-Benefit-St-02903/unit-D/home/147316547,1854,,,,
"$1,167/mo","500 W Harbor Dr #1314, San Diego, CA 92101",2,2,"Listing at 500 W Harbor Dr #1314, San Diego, CA 92101",333,For sale,,https://ssl.cdn-redfin.com/photo/48/bigphoto/834/250037834_0.jpg,#250037834,1 car garage,1250000,"$1,073 ","$6,486 ",1302,Condo,5590,2025-09-03T01:39:41.530Z,Redfin,1165,https://www.redfin.com/CA/San-Diego/500-W-Harbor-Dr-92101/unit-1314/home/6489716,1994,[object Object],4520,6650,RentCast
$875/mo,"210 W 5th St #211, Kansas City, MO 64105",2,2,"Listing at 210 W 5th St #211, Kansas City, MO 64105",953,For sale,"2,990 sq ft",https://ssl.cdn-redfin.com/photo/157/bigphoto/244/2569244_2.jpg,#2569244,,1300000,$457 ,"$6,745 ",713,Condo,2690,2025-09-03T01:40:26.448Z,Redfin,2843,https://www.redfin.com/MO/Kansas-City/210-W-5th-St-64105/unit-211/home/93053110,2002,[object Object],2150,3230,RentCast
$899/mo,"600 Ala Moana Blvd #3207, Honolulu, HI 96813",2,2,"Listing at 600 Ala Moana Blvd #3207, Honolulu, HI 96813",168,For sale,,https://ssl.cdn-redfin.com/photo/169/bigphoto/778/202518778_0.jpg,#202518778,2 spaces,1120000,"$1,210 ","$5,811 ",297,Condo,2810,2025-09-03T01:41:54.043Z,Redfin,926,https://www.redfin.com/HI/Honolulu/600-Ala-Moana-Blvd-96813/unit-3207/home/91485678,2016,,,,
$420/mo,"1126 Landmark Trl N, Hopkins, MN 55343",3,2,"Listing at 1126 Landmark Trl N, Hopkins, MN 55343",,For sale,"1,306 sq ft",https://ssl.cdn-redfin.com/photo/114/bigphoto/695/6773695_1.jpg,#6773695,,225000,$188 ,,,Single Family,2100,2025-09-03T01:44:06.314Z,Redfin,1200,https://www.redfin.com/MN/Hopkins/1126-Landmark-Trl-N-55343/home/49938916,1974,[object Object],1850,2350,RentCast
$648/mo,"5428 Rowland Park Rd, Minnetonka, MN 55343",2,4,"Listing at 5428 Rowland Park Rd, Minnetonka, MN 55343",244,For sale,"2,613 sq ft",https://ssl.cdn-redfin.com/photo/114/bigphoto/810/6776810_3.jpg,#6776810,,450000,$211 ,"$2,335 ",367,Single Family,3000,2025-09-03T01:44:35.147Z,Redfin,2136,https://www.redfin.com/MN/Hopkins/5428-Rowland-Park-Rd-55343/home/50007397,1994,[object Object],2490,3500,RentCast
$208/mo,"3104 Brightridge Dr, Las Vegas, NV 89134",2,2,"Listing at 3104 Brightridge Dr, Las Vegas, NV 89134",79,For sale,"7,405 sq ft",https://ssl.cdn-redfin.com/system_files/media/1121586_JPG/item_1.jpg,#2712665,,378000,$342 ,"$1,961 ",176,Single Family,1720,2025-09-03T01:50:24.548Z,Redfin,1105,https://www.redfin.com/NV/Las-Vegas/3104-Brightridge-Dr-89134/home/29148788,1989,[object Object],1470,1970,RentCast
$208/mo,"9312 Yucca Blossom Dr, Las Vegas, NV 89134",2,2,"Listing at 9312 Yucca Blossom Dr, Las Vegas, NV 89134",73,For sale,"7,405 sq ft",https://ssl.cdn-redfin.com/photo/95/bigphoto/308/2714308_0.jpg,#2714308,,350000,$313 ,"$1,816 ",180,Single Family,2219,2025-09-03T01:50:42.729Z,Redfin,1119,https://www.redfin.com/NV/Las-Vegas/9312-Yucca-Blossom-Dr-89134/home/29153638,1991,,,,
$33/mo,"1330 Mohrlake Dr, BRANDON, FL 33511",2,3,"Listing at 1330 Mohrlake Dr, BRANDON, FL 33511",233,For sale,"4,500 sq ft",https://ssl.cdn-redfin.com/photo/118/bigphoto/961/TB8422961_0.jpg,#TB8422961,,349900,$283 ,"$1,816 ",354,Single Family,1840,2025-09-03T01:52:08.006Z,Redfin,1235,https://www.redfin.com/FL/Brandon/1330-Mohrlake-Dr-33511/home/47209055,1991,[object Object],1450,2230,RentCast
$180/mo,"1058 Kingston Grove Dr, Cary, NC 27519",2.5,3,"Listing at 1058 Kingston Grove Dr, Cary, NC 27519",202,For sale,"3,049 sq ft",https://ssl.cdn-redfin.com/system_files/media/1139094_JPG/item_2.jpg,#10118177,,515000,$223 ,"$2,672 ",363,Single Family,3080,2025-09-03T01:52:45.655Z,Redfin,2308,https://www.redfin.com/NC/Cary/1058-Kingston-Grove-Dr-27519/home/41317991,2007,[object Object],2190,3980,RentCast
$250/mo,"1401 W Beacon Hill Dr S #1401, Taylorsville, UT 84123",1,1,"Listing at 1401 W Beacon Hill Dr S #1401, Taylorsville, UT 84123",67,For sale,435 sq ft,https://ssl.cdn-redfin.com/photo/171/bigphoto/088/2108088_5.jpg,#2108088,,260000,$382 ,"$1,349 ",112,Condo,1410,2025-09-03T01:53:32.567Z,Redfin,681,https://www.redfin.com/UT/Taylorsville/1401-Beacon-Hill-Dr-84123/unit-1401/home/197510080,1983,[object Object],1240,1580,RentCast
$375/mo,"12818 SE 41st Ln Unit B103, Bellevue, WA 98006",2,2,"Listing at 12818 SE 41st Ln Unit B103, Bellevue, WA 98006",136,For sale,,https://ssl.cdn-redfin.com/system_files/media/1138801_JPG/item_57.jpg,#2424850,2 spaces,495000,$488 ,"$2,568 ",279,Condo,3162,2025-09-03T01:54:14.888Z,Redfin,1014,https://www.redfin.com/WA/Bellevue/12818-SE-41st-Ln-98006/unit-B103/home/175995307,1980,,,,
$75/mo,"6321 Vista Del Bosque Dr, Albuquerque, NM 87120",2.5,3,"Listing at 6321 Vista Del Bosque Dr, Albuquerque, NM 87120",175,For sale,"3,484 sq ft",https://ssl.cdn-redfin.com/photo/167/bigphoto/496/1090496_0.jpg,#1090496,,429000,$184 ,"$2,226 ",312,Single Family,2351,2025-09-03T01:55:23.793Z,Redfin,2330,https://www.redfin.com/NM/Albuquerque/6321-Vista-del-Bosque-Dr-NW-87120/home/168285856,2019,,,,
$744/mo,"5000 Halifax Ave S #107, Edina, MN 55424",2,2,"Listing at 5000 Halifax Ave S #107, Edina, MN 55424",487,For sale,0.89 acres,https://ssl.cdn-redfin.com/photo/114/bigphoto/037/6769037_0.jpg,#6769037,,899900,$605 ,"$4,669 ",578,Condo,2267,2025-09-03T01:56:13.515Z,Redfin,1488,https://www.redfin.com/MN/Minneapolis/5000-Halifax-Ave-S-55424/unit-107/home/51402193,1994,,,,
$458/mo,"5070 Strawpocket Ln #9, Westerville, OH 43081",2.5,3,"Listing at 5070 Strawpocket Ln #9, Westerville, OH 43081",94,For sale,871 sq ft,https://ssl.cdn-redfin.com/photo/160/bigphoto/301/225032301_D.jpg,#225032301,,249900,$159 ,"$1,297 ",342,Condo,2240,2025-09-03T01:57:02.815Z,Redfin,1570,https://www.redfin.com/OH/Westerville/5070-Strawpocket-Ln-43081/unit-9/home/100778527,1974,[object Object],2100,2370,RentCast
$369/mo,"5326 Branscom Blvd, Westerville, OH 43081",3,3,"Listing at 5326 Branscom Blvd, Westerville, OH 43081",137,For sale,"1,742 sq ft",https://ssl.cdn-redfin.com/photo/160/bigphoto/287/225032287_5.jpg,#225032287,,364900,$215 ,"$1,893 ",383,Condo,2520,2025-09-03T01:57:33.321Z,Redfin,1696,https://www.redfin.com/OH/Westerville/5326-Branscom-Blvd-43081/home/79510173,2001,[object Object],2400,2640,RentCast
$130/mo,"56 Craig Ave, Madison, WI 53705",1,2,"Listing at 56 Craig Ave, Madison, WI 53705",,For sale,,https://ssl.cdn-redfin.com/photo/129/bigphoto/726/2007726_1.jpg,#2007726,,259900,$338 ,,,Condo,1490,2025-09-03T01:58:00.910Z,Redfin,768,https://www.redfin.com/WI/Madison/56-Craig-Ave-53705/home/185068397,1951,[object Object],1400,1590,RentCast
$670/mo,"625 N Segoe Rd #702, Madison, WI 53705",2,1,"Listing at 625 N Segoe Rd #702, Madison, WI 53705",195,For sale,,https://ssl.cdn-redfin.com/photo/129/bigphoto/371/2005371_5.jpg,#2005371,1 space,600000,$416 ,"$3,113 ",798,Condo,2551,2025-09-03T01:58:26.075Z,Redfin,1444,https://www.redfin.com/WI/Madison/625-N-Segoe-Rd-53705/unit-702/home/89927381,2006,,,,
$441/mo,"11300 N Pennsylvania Ave #140, Oklahoma City, OK 73120",2.5,2,"Listing at 11300 N Pennsylvania Ave #140, Oklahoma City, OK 73120",240,For sale,,https://ssl.cdn-redfin.com/photo/163/bigphoto/519/1189519_0.jpg,#1189519,2 car garage,225000,$121 ,"$1,167 ",248,Condo,1360,2025-09-03T02:00:00.684Z,Redfin,1852,https://www.redfin.com/OK/Oklahoma-City/11300-N-Pennsylvania-Ave-73120/unit-140/home/71441336,1983,[object Object],1280,1440,RentCast
$483/mo,"1581 E 6470 S, Murray, UT 84121",3,5,"Listing at 1581 E 6470 S, Murray, UT 84121",168,For sale,435 sq ft,https://ssl.cdn-redfin.com/photo/171/bigphoto/534/2108534_5.jpg,#2108534,,650000,$190 ,"$3,373 ",193,Condo,3230,2025-09-03T02:00:45.312Z,Redfin,3420,https://www.redfin.com/UT/Murray/1581-E-6470-S-84121/home/86463855,1978,,,,
$340/mo,"1632 W Canal Cir #915, Littleton, CO 80120",1,1,"Listing at 1632 W Canal Cir #915, Littleton, CO 80120",128,For sale,,https://ssl.cdn-redfin.com/system_files/media/1137583_JPG/item_1.jpg,#3095086,1 car garage,275000,$373 ,"$1,427 ",147,Condo,1750,2025-09-03T02:01:48.570Z,Redfin,738,https://www.redfin.com/CO/Littleton/1632-W-Canal-Cir-80120/unit-915/home/35040791,1995,[object Object],1700,1810,RentCast
$490/mo,"5532 S Greenwood St, Littleton, CO 80120",2,2,"Listing at 5532 S Greenwood St, Littleton, CO 80120",187,For sale,,https://ssl.cdn-redfin.com/photo/94/bigphoto/094/6659094_0.jpg,#6659094,1 car garage,400000,$351 ,"$2,076 ",228,Single Family,1810,2025-09-03T02:02:19.404Z,Redfin,1139,https://www.redfin.com/CO/Littleton/5532-S-Greenwood-St-80120/home/34944105,1975,[object Object],1430,2190,RentCast
$315/mo,"612 Washington #12, Wayne, PA 19087",2,2,"Listing at 612 Washington #12, Wayne, PA 19087",107,For sale,,https://ssl.cdn-redfin.com/photo/235/bigphoto/894/PACT2106894_0.jpg,#PACT2106894,,299000,$316 ,"$1,551 ",287,Condo,1864,2025-09-03T02:03:16.686Z,Redfin,946,https://www.redfin.com/PA/Chesterbrook/612-Washington-Pl-19087/unit-12/home/38644311,1985,,,,
$811/mo,"7500 E Mccormick Pkwy #32, Scottsdale, AZ 85258",,2,"Listing at 7500 E Mccormick Pkwy #32, Scottsdale, AZ 85258",,For sale,552 sq ft,https://ssl.cdn-redfin.com/photo/86/bigphoto/268/6910268_1.jpg,#6910268,,1530000,$686 ,,,Single Family,4890,2025-09-03T02:04:34.330Z,Redfin,2230,https://www.redfin.com/AZ/Scottsdale/7500-E-McCormick-Pkwy-85258/unit-32/home/27865223,1980,[object Object],3220,6550,RentCast
$130/mo,"26 Craig Ave, Madison, WI 53705",1,2,"Listing at 26 Craig Ave, Madison, WI 53705",81,For sale,,https://ssl.cdn-redfin.com/photo/129/bigphoto/306/2007306_2.jpg,#2007306,,250000,$326 ,"$1,297 ",342,Condo,1689,2025-09-03T02:05:31.806Z,Redfin,768,https://www.redfin.com/WI/Madison/26-Craig-Ave-53705/home/185135129,1951,,,,
$579/mo,"6302 Mineral Point Rd #213, Madison, WI 53705",2,2,"Listing at 6302 Mineral Point Rd #213, Madison, WI 53705",73,For sale,,https://ssl.cdn-redfin.com/photo/129/bigphoto/909/2006909_2.jpg,#2006909,1 space,224900,$197 ,"$1,167 ",265,Condo,2192,2025-09-03T02:06:17.563Z,Redfin,1140,https://www.redfin.com/WI/Madison/6302-Mineral-Point-Rd-53705/unit-213/home/57811304,1974,,,,
$449/mo,"5510 Caddis Bend Bnd #203, Fitchburg, WI 53711",2,2,"Listing at 5510 Caddis Bend Bnd #203, Fitchburg, WI 53711",123,For sale,,https://ssl.cdn-redfin.com/photo/129/bigphoto/783/2007783_1.jpg,#2007783,2 spaces,379900,$239 ,"$1,971 ",380,Condo,2513,2025-09-03T02:07:22.518Z,Redfin,1589,https://www.redfin.com/WI/Fitchburg/5510-Caddis-Bnd-53711/unit-203/home/146334492,2002,,,,
$45/mo,"1003 Waterford Lake Dr, Cary, NC 27519",2.5,2,"Listing at 1003 Waterford Lake Dr, Cary, NC 27519",168,For sale,,https://ssl.cdn-redfin.com/photo/102/bigphoto/094/10119094_0.jpg,#10119094,1 garage spaces,430000,$306 ,"$2,231 ",251,Condo,2871,2025-09-03T02:08:53.906Z,Redfin,1404,https://www.redfin.com/NC/Cary/1003-Waterford-Lake-Dr-27519/home/144611623,2017,,,,
$253/mo,"8808 N Rockwell Dr, Oklahoma City, OK 73132",2.5,3,"Listing at 8808 N Rockwell Dr, Oklahoma City, OK 73132",159,For sale,,https://ssl.cdn-redfin.com/photo/163/bigphoto/383/1189383_1.jpg,#1189383,2 car garage,149000,$77 ,$773 ,153,Single Family,1486,2025-09-03T02:09:33.121Z,Redfin,1944,https://www.redfin.com/OK/Oklahoma-City/8808-N-Rockwell-Dr-73132/home/71767014,1975,,,,
$246/mo,"8719 N Roxbury Blvd, Oklahoma City, OK 73132",1.5,2,"Listing at 8719 N Roxbury Blvd, Oklahoma City, OK 73132",139,For sale,1 acres,https://ssl.cdn-redfin.com/photo/163/bigphoto/420/1187420_1.jpg,#1187420,,129900,$123 ,$674 ,100,Single Family,1249,2025-09-03T02:09:56.338Z,Redfin,1054,https://www.redfin.com/OK/Oklahoma-City/8719-N-Roxbury-Blvd-73132/home/78497005,1975,,,,
$339/mo,"11138 Hanlon Terrace Aly, WINTER GARDEN, FL 34787",2.5,3,"Listing at 11138 Hanlon Terrace Aly, WINTER GARDEN, FL 34787",286,For sale,"2,339 sq ft",https://ssl.cdn-redfin.com/photo/118/bigphoto/486/O6340486_0.jpg,#O6340486,,429000,$233 ,"$2,169 ",520,Single Family,2764,2025-09-05T23:15:29.964Z,Redfin,1838,https://www.redfin.com/FL/Winter-Garden/11138-Hanlon-Terrace-Aly-34787/home/170135860,2020,,,,
$232/mo,"15178 Blue Peacock Ln, Winter Garden, FL 34787",2.5,3,"Listing at 15178 Blue Peacock Ln, Winter Garden, FL 34787",323,For sale,"2,500 sq ft",https://ssl.cdn-redfin.com/photo/106/bigphoto/208/RX-11121208_0.jpg,#RX-11121208,,485000,$260 ,"$2,452 ",135,Single Family,2804,2025-09-05T23:16:17.627Z,Redfin,1868,https://www.redfin.com/FL/Winter-Garden/15178-Blue-Peacock-Ln-34787/home/189753287,2024,,,,
$159/mo,"7363 Mezzano Ln, WINTER GARDEN, FL 34787",3.5,4,"Listing at 7363 Mezzano Ln, WINTER GARDEN, FL 34787",333,For sale,"4,128 sq ft",https://ssl.cdn-redfin.com/photo/118/bigphoto/083/O6340083_0.jpg,#O6340083,,500000,$260 ,"$2,528 ",582,Single Family,2960,2025-09-05T23:16:41.854Z,Redfin,1920,https://www.redfin.com/FL/Winter-Garden/7363-Mezzano-Ln-34787/home/183355158,2023,,,,
$180/mo, ,2.5,3,Listing at  ,254,For sale,"2,178 sq ft",https://ssl.cdn-redfin.com/photo/118/bigphoto/838/O6341838_0.jpg,#O6341838,,380790,$225 ,"$1,925 ",352,Single Family,2947,2025-09-05T23:17:17.099Z,Redfin,1689,https://www.redfin.com/FL/Clermont/3091-Mindfullness-Dr-34787/home/197631781,2025,,,,
$159/mo,"7399 Mezzano Ln, WINTER GARDEN, FL 34787",3.5,4,"Listing at 7399 Mezzano Ln, WINTER GARDEN, FL 34787",359,For sale,"4,232 sq ft",https://ssl.cdn-redfin.com/photo/118/bigphoto/107/O6341107_1.jpg,#O6341107,,538000,$280 ,"$2,720 ",635,Single Family,2941,2025-09-05T23:17:50.144Z,Redfin,1920,https://www.redfin.com/FL/Winter-Garden/7399-Mezzano-Ln-34787/home/183355163,2023,,,,
$305/mo,"727 Catalonia Cv, OVIEDO, FL 32765",4.5,3,"Listing at 727 Catalonia Cv, OVIEDO, FL 32765",331,For sale,"1,143 sq ft",https://ssl.cdn-redfin.com/photo/118/bigphoto/254/O6340254_0.jpg,#O6340254,,495900,$261 ,"$2,508 ",352,Single Family,2661,2025-09-05T23:18:34.491Z,Redfin,1901,https://www.redfin.com/FL/Oviedo/727-Catalonia-Cv-32765/home/103835473,2017,,,,
$595/mo,"1939 Summer Club Dr #215, OVIEDO, FL 32765",2,3,"Listing at 1939 Summer Club Dr #215, OVIEDO, FL 32765",192,For sale,,,#O6341648,,287500,$244 ,"$1,454 ",202,Condo,1940,2025-09-05T23:18:51.951Z,Redfin,1180,https://www.redfin.com/FL/Oviedo/1939-Summer-Club-Dr-32765/unit-215/home/46339525,1998,,,,
$340/mo,"435 Evening Sky Dr, OVIEDO, FL 32765",2.5,4,"Listing at 435 Evening Sky Dr, OVIEDO, FL 32765",313,For sale,"2,328 sq ft",https://ssl.cdn-redfin.com/photo/118/bigphoto/553/O6337553_0.jpg,#O6337553,,470000,$232 ,"$2,377 ",208,Single Family,2730,2025-09-05T23:19:10.764Z,Redfin,2025,https://www.redfin.com/FL/Oviedo/435-Evening-Sky-Dr-32765/home/46343587,2010,,,,
$485/mo,"1950 Summer Club Dr #304, OVIEDO, FL 32765",2,2,"Listing at 1950 Summer Club Dr #304, OVIEDO, FL 32765",159,For sale,557 sq ft,https://ssl.cdn-redfin.com/photo/118/bigphoto/647/O6337647_0.jpg,#O6337647,,239000,$245 ,"$1,209 ",192,Condo,1416,2025-09-05T23:19:29.515Z,Redfin,975,https://www.redfin.com/FL/Oviedo/1950-Summer-Club-Dr-32765/unit-304/home/46339545,1998,,,,
$180/mo,"1975 Silverweed Way, OVIEDO, FL 32765",2.5,3,"Listing at 1975 Silverweed Way, OVIEDO, FL 32765",263,For sale,"1,900 sq ft",https://ssl.cdn-redfin.com/photo/118/bigphoto/096/O6338096_3.jpg,#O6338096,,395000,$215 ,"$1,997 ",474,Single Family,2440,2025-09-05T23:21:45.825Z,Redfin,1835,https://www.redfin.com/FL/Oviedo/1975-Silverweed-Way-32765/home/46344346,2011,,,,
$282/mo,"5107 Monticello Heights Ln, OVIEDO, FL 32765",2.5,3,"Listing at 5107 Monticello Heights Ln, OVIEDO, FL 32765",,For sale,"1,600 sq ft",https://ssl.cdn-redfin.com/photo/118/bigphoto/867/O6337867_0.jpg,#O6337867,,335000,$221 ,,,Single Family,2370,2025-09-05T23:22:05.283Z,Redfin,1516,https://www.redfin.com/FL/Oviedo/5107-Monticello-Heights-Ln-32765/home/46326544,2005,,,,
$350/mo,"3198 Bexfield Ct, Riverside, CA 92503",2,3,"Listing at 3198 Bexfield Ct, Riverside, CA 92503",143,For sale,,https://ssl.cdn-redfin.com/photo/45/bigphoto/781/IG25190781_0.jpg,#IG25190781,2 garage spaces,535000,$471 ,"$2,705 ",557,Condo,2456,2025-09-05T23:23:44.442Z,Redfin,1137,https://www.redfin.com/CA/Riverside/3198-Bexfield-Ct-92503/home/4999395,1985,,,,
$360/mo,"12911 Via Napoi, Riverside, CA 92503",2.5,2,"Listing at 12911 Via Napoi, Riverside, CA 92503",140,For sale,"1,400 sq ft",https://ssl.cdn-redfin.com/photo/45/bigphoto/612/IG25187612_2.jpg,#IG25187612,,525000,$404 ,"$2,655 ",547,Condo,2588,2025-09-05T23:24:17.065Z,Redfin,1300,https://www.redfin.com/CA/Riverside/12911-Via-Napoi-92503/home/4755204,1992,,,,
$275/mo,"3125 Stone Forest Cir, McKinney, TX 75070",2.5,3,"Listing at 3125 Stone Forest Cir, McKinney, TX 75070",254,For sale,,https://ssl.cdn-redfin.com/photo/90/bigphoto/819/21043819_0.jpg,#21043819,2 car garage,347000,$232 ,"$1,755 ",481,Condo,2893,2025-09-05T23:25:27.756Z,Redfin,1497,https://www.redfin.com/TX/McKinney/3125-Stone-Forest-Cir-75070/home/31588981,2005,,,,
$39/mo,"6000 Millie Way, McKinney, TX 75070",3,3,"Listing at 6000 Millie Way, McKinney, TX 75070",458,For sale,"3,010 sq ft",https://ssl.cdn-redfin.com/photo/90/bigphoto/673/21009673_1.jpg,#21009673,,624000,$207 ,"$3,155 ",720,Single Family,3372,2025-09-05T23:26:26.211Z,Redfin,3010,https://www.redfin.com/TX/McKinney/6000-Millie-Way-75070/home/31774965,2007,,,,
$440/mo,"5308 Sutton Cir, McKinney, TX 75070",3,3,"Listing at 5308 Sutton Cir, McKinney, TX 75070",469,For sale,28.19 acres,https://ssl.cdn-redfin.com/photo/90/bigphoto/917/20896917_0.jpg,#20896917,,640000,$215 ,"$3,236 ",797,Condo,3694,2025-09-05T23:27:16.180Z,Redfin,2978,https://www.redfin.com/TX/McKinney/5308-Sutton-Cir-75070/home/144138745,2016,,,,
$605/mo,"24150 Valencia Ridge Ln, Katy, TX 77494",2,2,"Listing at 24150 Valencia Ridge Ln, Katy, TX 77494",241,For sale,"3,798 sq ft",https://ssl.cdn-redfin.com/photo/104/bigphoto/369/33075369_1.jpg,#33075369,,329000,$185 ,"$1,664 ",604,Single Family,2586,2025-09-05T23:33:11.784Z,Redfin,1776,https://www.redfin.com/TX/Katy/24150-Valencia-Ridge-Ln-77494/home/112811564,2014,,,,
$190/mo,"25239 Bentley Glen Ln, Katy, TX 77494",2.5,3,"Listing at 25239 Bentley Glen Ln, Katy, TX 77494",220,For sale,"2,799 sq ft",https://ssl.cdn-redfin.com/photo/104/bigphoto/038/64088038_3.jpg,#64088038,,300000,$193 ,"$1,517 ",570,Single Family,2878,2025-09-05T23:33:34.415Z,Redfin,1554,https://www.redfin.com/TX/Katy/25239-Bentley-Glen-Ln-77494/home/32567389,2006,,,,
$452/mo,"5347 Greenbrae Ln, Katy, TX 77494",2,2,"Listing at 5347 Greenbrae Ln, Katy, TX 77494",227,For sale,0.26 acres,https://ssl.cdn-redfin.com/photo/104/bigphoto/214/28243214_1.jpg,#28243214,,310000,$192 ,"$1,568 ",599,Single Family,2526,2025-09-05T23:34:40.526Z,Redfin,1611,https://www.redfin.com/TX/Katy/5347-Greenbrae-Ln-77494/home/32566676,2006,,,,
$190/mo,"25270 Finchgrove Ln, Katy, TX 77494",2.5,3,"Listing at 25270 Finchgrove Ln, Katy, TX 77494",224,For sale,"3,089 sq ft",https://ssl.cdn-redfin.com/photo/104/bigphoto/805/92697805_2.jpg,#92697805,,305000,$196 ,"$1,542 ",518,Single Family,2878,2025-09-05T23:34:59.056Z,Redfin,1554,https://www.redfin.com/TX/Katy/25270-Finchgrove-Ln-77494/home/32567374,2005,,,,
$83/mo,"27942 Western Creek Ct, Katy, TX 77494",2.5,4,"Listing at 27942 Western Creek Ct, Katy, TX 77494",246,For sale,"3,162 sq ft",https://ssl.cdn-redfin.com/photo/104/bigphoto/325/76063325_2.jpg,#76063325,,335000,,"$1,694 ",816,Single Family,3149,2025-09-05T23:36:02.381Z,Redfin,,https://www.redfin.com/TX/Katy/27942-Western-Creek-Ct-77494/home/185415553,2023,,,,
$505/mo,"2104 Ladera Way #2104, Mansfield, TX 76063",2,2,"Listing at 2104 Ladera Way #2104, Mansfield, TX 76063",348,For sale,35.44 acres,https://ssl.cdn-redfin.com/photo/90/bigphoto/493/21031493_1.jpg,#21031493,,475000,$212 ,"$2,402 ",891,Condo,2880,2025-09-05T23:38:32.348Z,Redfin,2241,https://www.redfin.com/TX/Mansfield/2104-Ladera-Way-76063/unit-2104/home/144045166,2019,,,,
$75/mo,"3402 Lake Creek Trl, Mansfield, TX 76063",3,4,"Listing at 3402 Lake Creek Trl, Mansfield, TX 76063",605,For sale,0.26 acres,https://ssl.cdn-redfin.com/photo/90/bigphoto/561/21052561_1.jpg,#21052561,,825000,$203 ,"$4,172 ",1122,Single Family,3489,2025-09-05T23:39:03.418Z,Redfin,4062,https://www.redfin.com/TX/Mansfield/3402-Lake-Creek-Trl-76063/home/30994280,2006,,,,
$69/mo,"1907 Birch St, Mansfield, TX 76063",4,5,"Listing at 1907 Birch St, Mansfield, TX 76063",565,For sale,"5,489 sq ft",https://ssl.cdn-redfin.com/photo/90/bigphoto/379/21051379_0.jpg,#21051379,,770000,$192 ,"$3,894 ",1111,Single Family,3718,2025-09-05T23:39:20.144Z,Redfin,4011,https://www.redfin.com/TX/Mansfield/1907-Birch-St-76063/home/176487408,2023,,,,
$37/mo,"4209 Eagle Dr, Mansfield, TX 76063",4.5,5,"Listing at 4209 Eagle Dr, Mansfield, TX 76063",363,For sale,"7,754 sq ft",https://ssl.cdn-redfin.com/photo/90/bigphoto/190/21049190_0.jpg,#21049190,,495000,$125 ,"$2,503 ",968,Single Family,4400,2025-09-05T23:39:35.877Z,Redfin,3967,https://www.redfin.com/TX/Mansfield/4209-Eagle-Dr-76063/home/31030329,2005,,,,
$79/mo,"1904 M3 Ranch Rd, Mansfield, TX 76063",4.5,4,"Listing at 1904 M3 Ranch Rd, Mansfield, TX 76063",671,For sale,"10,533 sq ft",https://ssl.cdn-redfin.com/photo/90/bigphoto/747/21044747_0.jpg,#21044747,,915000,$237 ,"$4,627 ",166,Single Family,4250,2025-09-05T23:40:08.099Z,Redfin,3854,https://www.redfin.com/TX/Unknown/1904-M3-Ranch-Rd-Unknown/home/193196785,2025,,,,
$67/mo,"501 Pine Island Cir, Mansfield, TX 76063",3,4,"Listing at 501 Pine Island Cir, Mansfield, TX 76063",468,For sale,0.46 acres,https://ssl.cdn-redfin.com/photo/90/bigphoto/341/21044341_1.jpg,#21044341,,637500,$177 ,"$3,224 ",1102,Single Family,3303,2025-09-05T23:40:29.014Z,Redfin,3610,https://www.redfin.com/TX/Mansfield/501-Pine-Island-Cir-76063/home/106218887,2016,,,,
$184/mo, ,4,4,Listing at  ,578,For sale,"6,534 sq ft",https://ssl.cdn-redfin.com/photo/90/bigphoto/481/21043481_1.jpg,#21043481,,787946,$252 ,"$3,984 ",256,Single Family,2133,2025-09-05T23:40:54.405Z,Redfin,3132,https://www.redfin.com/TX/Mansfield/1616-Birch-St-76063/home/176487527,2025,,,,
$47/mo,"1705 Landing St, Mansfield, TX 76063",4,5,"Listing at 1705 Landing St, Mansfield, TX 76063",477,For sale,"10,324 sq ft",https://ssl.cdn-redfin.com/photo/90/bigphoto/504/21040504_0.jpg,#21040504,,649900,$188 ,"$3,286 ",1274,Single Family,3436,2025-09-05T23:41:29.276Z,Redfin,3450,https://www.redfin.com/TX/Mansfield/1705-Landing-St-76063/home/176487661,2022,,,,
$38/mo,"2615 Dylan Ln, Mansfield, TX 76063",4,5,"Listing at 2615 Dylan Ln, Mansfield, TX 76063",477,For sale,0.28 acres,https://ssl.cdn-redfin.com/photo/90/bigphoto/943/21029943_0.jpg,#21029943,,650000,$191 ,"$3,287 ",1112,Single Family,3411,2025-09-05T23:41:51.106Z,Redfin,3407,https://www.redfin.com/TX/Mansfield/2615-Dylan-Ln-76063/home/173909512,2021,,,,
$54/mo,"2311 Meek Woods Ln, Mansfield, TX 76063",4,4,"Listing at 2311 Meek Woods Ln, Mansfield, TX 76063",587,For sale,0.28 acres,https://ssl.cdn-redfin.com/photo/90/bigphoto/197/21035197_0.jpg,#21035197,,799990,$226 ,"$4,045 ",149,Single Family,3310,2025-09-05T23:42:08.858Z,Redfin,3538,https://www.redfin.com/TX/Mansfield/2311-Meek-Woods-Ln-76063/home/193129000,2025,,,,
$245/mo,"9631 Brandy Ct #7, Des Plaines, IL 60016",1,1,"Listing at 9631 Brandy Ct #7, Des Plaines, IL 60016",62,For sale,,https://ssl.cdn-redfin.com/system_files/media/1141724_JPG/item_1.jpg,#12460715,1 space,169900,$239 ,$859 ,221,Condo,1580,2025-09-05T23:42:49.948Z,Redfin,711,https://www.redfin.com/IL/Des-Plaines/9631-Brandy-Ct-60016/unit-7/home/12708349,1975,,,,
$436/mo,"825 Pearson Ave Unit 3E, Des Plaines, IL 60016",2,2,"Listing at 825 Pearson Ave Unit 3E, Des Plaines, IL 60016",97,For sale,,https://ssl.cdn-redfin.com/photo/68/bigphoto/257/12462257_0.jpg,#12462257,1 car garage,264000,$214 ,"$1,335 ",332,Condo,2390,2025-09-05T23:43:07.661Z,Redfin,1234,https://www.redfin.com/IL/Des-Plaines/825-Pearson-St-60016/unit-3E/home/13661847,1975,,,,
$522/mo,"1380 Oakwood Ave #306, Des Plaines, IL 60016",2,2,"Listing at 1380 Oakwood Ave #306, Des Plaines, IL 60016",117,For sale,,https://ssl.cdn-redfin.com/photo/68/bigphoto/458/12464458_0.jpg,#12464458,1 car garage,320000,$200 ,"$1,618 ",367,Condo,2610,2025-09-05T23:43:29.822Z,Redfin,1604,https://www.redfin.com/IL/Des-Plaines/1380-Oakwood-Ave-60016/unit-306/home/13660909,1989,,,,
$240/mo,"760 Hanbury Dr, Des Plaines, IL 60016",2.5,3,"Listing at 760 Hanbury Dr, Des Plaines, IL 60016",150,For sale,,https://ssl.cdn-redfin.com/photo/68/bigphoto/872/12447872_1.jpg,#12447872,2 car garage,410000,$266 ,"$2,073 ",564,Single Family,3260,2025-09-05T23:43:40.985Z,Redfin,1540,https://www.redfin.com/IL/Des-Plaines/760-Hanbury-Dr-60016/home/18948512,2005,,,,
$348/mo,"1378 Perry St #208, Des Plaines, IL 60016",1.5,2,"Listing at 1378 Perry St #208, Des Plaines, IL 60016",112,For sale,,https://ssl.cdn-redfin.com/photo/68/bigphoto/614/12461614_0.jpg,#12461614,1 car garage,305000,$277 ,"$1,542 ",494,Condo,2030,2025-09-05T23:43:55.845Z,Redfin,1100,https://www.redfin.com/IL/Des-Plaines/1378-Perry-St-60016/unit-208/home/12666974,2003,,,,
$347/mo,"11712 84th Ave N #309, Maple Grove, MN 55369",3,2,"Listing at 11712 84th Ave N #309, Maple Grove, MN 55369",160,For sale,0.84 acres,https://ssl.cdn-redfin.com/system_files/media/1122553_JPG/item_5.jpg,#6782034,,295000,$207 ,"$1,492 ",256,Single Family,2161,2025-09-05T23:44:26.455Z,Redfin,1428,https://www.redfin.com/MN/Maple-Grove/11712-84th-Ave-N-55369/unit-309/home/51273372,2009,,,,
$286/mo,"9184 Upland Ln N, Maple Grove, MN 55369",2,3,"Listing at 9184 Upland Ln N, Maple Grove, MN 55369",162,For sale,"3,920 sq ft",https://ssl.cdn-redfin.com/photo/114/bigphoto/235/6781235_1.jpg,#6781235,,299900,$187 ,"$1,516 ",294,Single Family,2262,2025-09-05T23:44:46.122Z,Redfin,1601,https://www.redfin.com/MN/Maple-Grove/9184-Upland-Ln-N-55369/home/51388995,1987,,,,
$250/mo,"13351 90th Pl N, Maple Grove, MN 55369",2,2,"Listing at 13351 90th Pl N, Maple Grove, MN 55369",130,For sale,0.99 acres,https://ssl.cdn-redfin.com/photo/114/bigphoto/289/6781289_1.jpg,#6781289,,239900,$218 ,"$1,213 ",189,Single Family,1950,2025-09-05T23:45:03.739Z,Redfin,1100,https://www.redfin.com/MN/Maple-Grove/13351-90th-Pl-N-55369/home/49908264,1990,,,,
$37/mo,"14810 106th Ave N, Maple Grove, MN 55369",5,4,"Listing at 14810 106th Ave N, Maple Grove, MN 55369",650,For sale,"10,434 sq ft",https://ssl.cdn-redfin.com/photo/114/bigphoto/223/6782223_0.jpg,#6782223,,1200000,$271 ,"$6,068 ",1110,Single Family,3826,2025-09-05T23:45:33.430Z,Redfin,4431,https://www.redfin.com/MN/Maple-Grove/14810-106th-Ave-N-55369/home/193945656,2025,,,,
$95/mo,"15561 110th Ave N, Dayton, MN 55369",5,4,"Listing at 15561 110th Ave N, Dayton, MN 55369",525,For sale,0.35 acres,https://ssl.cdn-redfin.com/photo/114/bigphoto/268/6768268_0.jpg,#6768268,,969900,$211 ,"$4,904 ",809,Single Family,3950,2025-09-05T23:45:59.922Z,Redfin,4586,https://www.redfin.com/MN/Osseo/15561-110th-Ave-N-55369/home/175713394,2021,,,,
$95/mo,"15171 110th Ave N, Dayton, MN 55369",4,4,"Listing at 15171 110th Ave N, Dayton, MN 55369",459,For sale,"9,583 sq ft",https://ssl.cdn-redfin.com/photo/114/bigphoto/798/6760798_4.jpg,#6760798,,848250,$229 ,"$4,289 ",96,Single Family,3690,2025-09-05T23:46:13.269Z,Redfin,3704,https://www.redfin.com/MN/Osseo/15171-110th-Ave-N-55369/home/186162662,2025,,,,
$215/mo,"8189 Baltimore Ave Unit 7C, Westerville, OH 43081",1.5,2,"Listing at 8189 Baltimore Ave Unit 7C, Westerville, OH 43081",82,For sale,435 sq ft,https://ssl.cdn-redfin.com/photo/160/bigphoto/051/225033051_1.jpg,#225033051,,220000,$214 ,"$1,112 ",269,Condo,1610,2025-09-05T23:47:33.906Z,Redfin,1030,https://www.redfin.com/OH/Westerville/8189-Baltimore-Ave-43081/unit-7C/home/79496258,1990,,,,
$305/mo,"5007 Deer Forest Pl, Westerville, OH 43081",1.5,2,"Listing at 5007 Deer Forest Pl, Westerville, OH 43081",,For sale,"1,306 sq ft",https://ssl.cdn-redfin.com/photo/160/bigphoto/152/225033152_2.jpg,#225033152,,224900,$218 ,,,Condo,1700,2025-09-05T23:47:46.462Z,Redfin,1034,https://www.redfin.com/OH/Westerville/5007-Deer-Forest-Pl-43081/home/79528916,1987,,,,
$150/mo,"255 Cross Wind Dr, Westerville, OH 43081",2.5,2,"Listing at 255 Cross Wind Dr, Westerville, OH 43081",75,For sale,,https://ssl.cdn-redfin.com/photo/160/bigphoto/276/225033276_0.jpg,#225033276,1 car garage,199000,$181 ,"$1,006 ",212,Condo,1610,2025-09-05T23:48:02.507Z,Redfin,1100,https://www.redfin.com/OH/Westerville/255-Crosswind-Dr-43081/home/193420109,1984,,,,
$458/mo,"5070 Strawpocket Ln #9, Westerville, OH 43081",2.5,3,"Listing at 5070 Strawpocket Ln #9, Westerville, OH 43081",94,For sale,871 sq ft,https://ssl.cdn-redfin.com/photo/160/bigphoto/301/225032301_D.jpg,#225032301,,249900,$159 ,"$1,264 ",342,Condo,2240,2025-09-05T23:48:39.732Z,Redfin,1570,https://www.redfin.com/OH/Westerville/5070-Strawpocket-Ln-43081/unit-9/home/100778527,1974,,,,
$641/mo,"4755 Crazy Horse Ln #6, Westerville, OH 43081",2.5,2,"Listing at 4755 Crazy Horse Ln #6, Westerville, OH 43081",99,For sale,871 sq ft,https://ssl.cdn-redfin.com/photo/160/bigphoto/542/225031542_9.jpg,#225031542,,265000,$141 ,"$1,340 ",328,Condo,2600,2025-09-05T23:49:00.778Z,Redfin,1882,https://www.redfin.com/OH/Westerville/4755-Crazy-Horse-Ln-43081/unit-6/home/79692249,1974,,,,
$219/mo,"6239 Amber Creek Ln #312, Indianapolis, IN 46237",2,2,"Listing at 6239 Amber Creek Ln #312, Indianapolis, IN 46237",71,For sale,,https://ssl.cdn-redfin.com/photo/147/bigphoto/084/22061084_0.jpg,#22061084,1 car garage,175000,$130 ,$885 ,164,Condo,1700,2025-09-05T23:49:35.475Z,Redfin,1344,https://www.redfin.com/IN/Indianapolis/6239-Amber-Creek-Ln-46237/unit-312/home/82301953,2007,,,,
$225/mo,"5122 Cobham Way, Indianapolis, IN 46237",2,2,"Listing at 5122 Cobham Way, Indianapolis, IN 46237",104,For sale,"5,512 sq ft",https://ssl.cdn-redfin.com/photo/147/bigphoto/956/22060956_0.jpg,#22060956,,255000,$154 ,"$1,289 ",370,Condo,1520,2025-09-05T23:49:50.433Z,Redfin,1654,https://www.redfin.com/IN/Indianapolis/5122-Cobham-Way-46237/home/82329335,1998,,,,
$80/mo,"5760 Misty Ridge Dr, Indianapolis, IN 46237",1.5,2,"Listing at 5760 Misty Ridge Dr, Indianapolis, IN 46237",76,For sale,"3,885 sq ft",,#22059606,,185000,$182 ,$935 ,111,Condo,1400,2025-09-05T23:50:22.420Z,Redfin,1018,https://www.redfin.com/IN/Indianapolis/5760-Misty-Ridge-Dr-46237/home/66988314,1997,,,,
$476/mo,"12444 Sea Lane Dr, Florissant, MO 63033",1.5,3,"Listing at 12444 Sea Lane Dr, Florissant, MO 63033",65,For sale,"5,793 sq ft",https://ssl.cdn-redfin.com/photo/156/bigphoto/051/25059051_0.jpg,#25059051,,89000,$69 ,$450 ,124,Condo,2440,2025-09-05T23:51:05.892Z,Redfin,1296,https://www.redfin.com/MO/Florissant/12444-Sea-Lane-Dr-63033/home/93343643,1974,,,,
$244/mo,"6691 Parker Rd Unit C, St Louis, MO 63033",2,3,"Listing at 6691 Parker Rd Unit C, St Louis, MO 63033",55,For sale,"3,484 sq ft",https://ssl.cdn-redfin.com/photo/156/bigphoto/679/25051679_0.jpg,#25051679,,75000,$62 ,$379 ,95,Condo,2249,2025-09-05T23:51:34.157Z,Redfin,1218,https://www.redfin.com/MO/Florissant/6691-Parker-Rd-63033/unit-C/home/93354231,1968,,,,
$264/mo,"2065 Carefree Ln Unit G, MO 63033",1,2,"Listing at 2065 Carefree Ln Unit G, MO 63033",47,For sale,"3,354 sq ft",https://ssl.cdn-redfin.com/photo/156/bigphoto/446/25038446_1.jpg,#25038446,,63500,$73 ,$321 ,76,Condo,1596,2025-09-05T23:52:11.426Z,Redfin,870,https://www.redfin.com/MO/Florissant/2065-Carefree-Ln-63033/unit-G/home/93345248,1967,,,,
$229/mo,"1606 Willow Wren Ct #109, Florissant, MO 63033",1,1,"Listing at 1606 Willow Wren Ct #109, Florissant, MO 63033",42,For sale,"2,004 sq ft",https://ssl.cdn-redfin.com/photo/156/bigphoto/387/25030387_0.jpg,#25030387,,57500,$78 ,$291 ,55,Condo,1469,2025-09-05T23:53:04.679Z,Redfin,738,https://www.redfin.com/MO/Florissant/1606-Willow-Wren-Ct-63033/unit-109/home/93367768,1984,,,,
$286/mo,"16932 E Chenango Ave Unit B, Aurora, CO 80015",2,2,"Listing at 16932 E Chenango Ave Unit B, Aurora, CO 80015",152,For sale,,https://ssl.cdn-redfin.com/photo/94/bigphoto/627/6357627_0.jpg,#6357627,2 spaces,325000,$328 ,"$1,643 ",119,Single Family,2060,2025-09-05T23:53:49.723Z,Redfin,992,https://www.redfin.com/CO/Aurora/16932-E-Chenango-Ave-80015/unit-B/home/34813592,1983,,,,
$216/mo,"16478 E Rice Pl Unit A, Aurora, CO 80015",2,3,"Listing at 16478 E Rice Pl Unit A, Aurora, CO 80015",189,For sale,"2,134 sq ft",https://ssl.cdn-redfin.com/photo/94/bigphoto/326/4593326_0.jpg,#4593326,,405000,$319 ,"$2,048 ",148,Single Family,2560,2025-09-05T23:54:13.594Z,Redfin,1270,https://www.redfin.com/CO/Aurora/16478-E-Rice-Pl-80015/unit-A/home/34808105,1980,,,,
$219/mo,"Undisclosed Address, Aurora, CO 80015",2,3,"Listing at Undisclosed Address, Aurora, CO 80015",173,For sale,,https://ssl.cdn-redfin.com/photo/94/bigphoto/424/7382424_0.jpg,#7382424,1 car garage,370000,$291 ,"$1,871 ",153,Single Family,2393,2025-09-05T23:54:43.133Z,Redfin,1270,https://www.redfin.com/CO/Aurora/Undisclosed-address-80015/home/34808094,1980,,,,
$38/mo,"14825 E Belleview Dr, Aurora, CO 80015",3,3,"Listing at 14825 E Belleview Dr, Aurora, CO 80015",240,For sale,"1,652 sq ft",https://ssl.cdn-redfin.com/photo/94/bigphoto/394/8381394_0.jpg,#8381394,,515000,$291 ,"$2,604 ",596,Single Family,2630,2025-09-05T23:55:05.530Z,Redfin,1767,https://www.redfin.com/CO/Aurora/14825-E-Belleview-Dr-80015/home/160924879,2021,,,,
$330/mo,"14180 E Temple Dr Unit R03, Aurora, CO 80015",1,1,"Listing at 14180 E Temple Dr Unit R03, Aurora, CO 80015",105,For sale,435 sq ft,https://ssl.cdn-redfin.com/photo/94/bigphoto/310/4836310_0.jpg,#4836310,,225000,$284 ,"$1,138 ",89,Condo,1524,2025-09-05T23:55:24.426Z,Redfin,792,https://www.redfin.com/CO/Aurora/14180-E-Temple-Dr-80015/unit-R03/home/34803517,1980,,,,
$209/mo,"16067 E Rice Pl Unit A, Aurora, CO 80015",2,3,"Listing at 16067 E Rice Pl Unit A, Aurora, CO 80015",184,For sale,"2,396 sq ft",https://ssl.cdn-redfin.com/photo/94/bigphoto/221/4068221_1.jpg,#4068221,,395000,$362 ,"$1,997 ",140,Single Family,2258,2025-09-05T23:56:20.028Z,Redfin,1092,https://www.redfin.com/CO/Aurora/16067-E-Rice-Pl-80015/unit-A/home/34808927,1980,,,,
$470/mo,"17468 E Rice Cir Unit F, Aurora, CO 80015",1,2,"Listing at 17468 E Rice Cir Unit F, Aurora, CO 80015",113,For sale,871 sq ft,https://ssl.cdn-redfin.com/photo/94/mbphotov3/970/genMid.6161970_7_0.jpg,#6161970,,242500,$278 ,"$1,226 ",113,Condo,1912,2025-09-05T23:57:12.250Z,Redfin,871,https://www.redfin.com/CO/Aurora/17468-E-Rice-Cir-80015/unit-F/home/34811712,1983,,,,
$215/mo,"5357 S Picadilly Way, Aurora, CO 80015",2,3,"Listing at 5357 S Picadilly Way, Aurora, CO 80015",205,For sale,"3,049 sq ft",https://ssl.cdn-redfin.com/photo/94/bigphoto/743/5432743_0.jpg,#5432743,,439000,$314 ,"$2,220 ",276,Single Family,2600,2025-09-05T23:57:45.245Z,Redfin,1400,https://www.redfin.com/CO/Aurora/5357-S-Picadilly-Way-80015/home/35055460,2002,,,,
$470/mo,"17467 E Rice Cir Unit C, Aurora, CO 80015",3,2,"Listing at 17467 E Rice Cir Unit C, Aurora, CO 80015",138,For sale,436 sq ft,https://ssl.cdn-redfin.com/photo/94/bigphoto/507/8776507_0.jpg,#8776507,,295900,$272 ,"$1,496 ",127,Condo,2224,2025-09-05T23:58:19.902Z,Redfin,1088,https://www.redfin.com/CO/Aurora/17467-E-Rice-Cir-80015/unit-C/home/34811746,1983,,,,
$432/mo,"10014 Poppy Mallow Pt, Colorado Springs, CO 80924",2.5,3,"Listing at 10014 Poppy Mallow Pt, Colorado Springs, CO 80924",194,For sale,"2,547 sq ft",https://ssl.cdn-redfin.com/photo/124/bigphoto/445/1212445_1.jpg,#1212445,,415000,$280 ,"$2,098 ",260,Single Family,2450,2025-09-05T23:59:26.770Z,Redfin,1484,https://www.redfin.com/CO/Colorado-Springs/10014-Poppy-Mallow-Pt-80924/home/146429149,2018,,,,
$246/mo,"8622 Laurel Mountain Vw, Colorado Springs, CO 80924",2.5,3,"Listing at 8622 Laurel Mountain Vw, Colorado Springs, CO 80924",196,For sale,"2,337 sq ft",https://ssl.cdn-redfin.com/photo/124/bigphoto/462/6451462_0.jpg,#6451462,,420000,$246 ,"$2,124 ",262,Single Family,2550,2025-09-05T23:59:44.744Z,Redfin,1704,https://www.redfin.com/CO/Colorado-Springs/8622-Laurel-Mountain-Vw-80924/home/173245927,2022,,,,
$189/mo,"6325 Laud Pt, Colorado Springs, CO 80924",3,3,"Listing at 6325 Laud Pt, Colorado Springs, CO 80924",233,For sale,"3,049 sq ft",https://ssl.cdn-redfin.com/photo/94/bigphoto/644/5341644_0.jpg,#5341644,,500000,$264 ,"$2,528 ",204,Single Family,2898,2025-09-06T00:00:05.114Z,Redfin,1894,https://www.redfin.com/CO/Colorado-Springs/6325-Laud-Pt-80924/home/179657381,2024,,,,
$246/mo,"5060 Mountain Vista Hts, Colorado Springs, CO 80924",2.5,3,"Listing at 5060 Mountain Vista Hts, Colorado Springs, CO 80924",177,For sale,"1,828 sq ft",https://ssl.cdn-redfin.com/photo/124/bigphoto/485/8924485_1.jpg,#8924485,,379000,$255 ,"$1,916 ",241,Single Family,2540,2025-09-06T00:01:49.470Z,Redfin,1488,https://www.redfin.com/CO/Colorado-Springs/5060-Mountain-Vista-Hts-80924/home/177770413,2022,,,,
$250/mo,"2305 W Horizon Ridge Pkwy #524, Henderson, NV 89052",2,2,"Listing at 2305 W Horizon Ridge Pkwy #524, Henderson, NV 89052",67,For sale,"5,416 sq ft",https://ssl.cdn-redfin.com/photo/95/bigphoto/453/2716453_0.jpg,#2716453,,319888,$267 ,"$1,618 ",110,Condo,1692,2025-09-06T00:04:15.330Z,Redfin,1200,https://www.redfin.com/NV/Henderson/2305-W-Horizon-Ridge-Pkwy-89052/unit-524/home/28993746,2004,,,,
$225/mo,"830 Carnegie St #1723, Henderson, NV 89052",2,2,"Listing at 830 Carnegie St #1723, Henderson, NV 89052",56,For sale,"5,486 sq ft",https://ssl.cdn-redfin.com/photo/95/bigphoto/266/2716266_0.jpg,#2716266,,270000,$261 ,"$1,365 ",99,Condo,1654,2025-09-06T00:04:48.105Z,Redfin,1033,https://www.redfin.com/NV/Henderson/830-Carnegie-St-89052/unit-1723/home/29943902,2003,,,,
$18/mo,"871 Rainbolt Ln, Henderson, NV 89052",2.5,4,"Listing at 871 Rainbolt Ln, Henderson, NV 89052",167,For sale,"6,098 sq ft",https://ssl.cdn-redfin.com/photo/95/bigphoto/866/2714866_0.jpg,#2714866,,799900,$256 ,"$4,045 ",327,Single Family,3591,2025-09-06T00:05:08.841Z,Redfin,3122,https://www.redfin.com/NV/Henderson/871-Rainbolt-Ln-89052/home/29698065,1997,,,,
$81/mo,"2833 Athena Hill Ct, Henderson, NV 89052",3.5,4,"Listing at 2833 Athena Hill Ct, Henderson, NV 89052",198,For sale,"7,405 sq ft",https://ssl.cdn-redfin.com/photo/95/bigphoto/649/2714649_2.jpg,#2714649,,949900,$274 ,"$4,803 ",532,Single Family,4217,2025-09-06T00:05:20.557Z,Redfin,3468,https://www.redfin.com/NV/Henderson/2833-Athena-Hill-Ct-89052/home/144624785,2017,,,,
$313/mo,"950 Seven Hills Dr #2825, Henderson, NV 89052",1,1,"Listing at 950 Seven Hills Dr #2825, Henderson, NV 89052",61,For sale,"7,278 sq ft",https://ssl.cdn-redfin.com/photo/95/bigphoto/140/2715140_2.jpg,#2715140,,295000,$447 ,"$1,492 ",65,Condo,1443,2025-09-06T00:05:34.374Z,Redfin,660,https://www.redfin.com/NV/Henderson/950-Seven-Hills-Dr-89052/unit-2825/home/29185298,2001,,,,
$568/mo,"2600 Cervino Cir, Henderson, NV 89052",5.5,5,"Listing at 2600 Cervino Cir, Henderson, NV 89052",562,For sale,0.41 acres,https://ssl.cdn-redfin.com/photo/95/bigphoto/883/2715883_0.jpg,#2715883,,2699900,$423 ,"$13,652 ",1788,Single Family,4766,2025-09-06T00:05:52.489Z,Redfin,6379,https://www.redfin.com/NV/Henderson/2600-Cervino-Cir-89052/home/29740879,2002,,,,
$303/mo,"1125 Via Appianna, Henderson, NV 89052",3,3,"Listing at 1125 Via Appianna, Henderson, NV 89052",170,For sale,"7,841 sq ft",https://ssl.cdn-redfin.com/photo/95/bigphoto/378/2715378_0.jpg,#2715378,,815000,$386 ,"$4,121 ",277,Single Family,2949,2025-09-06T00:06:04.395Z,Redfin,2110,https://www.redfin.com/NV/Henderson/1125-Via-Appianna-89052/home/29641678,2001,,,,
$287/mo,"17 Winding Rd, Henderson, NV 89052",5,5,"Listing at 17 Winding Rd, Henderson, NV 89052",417,For sale,0.26 acres,https://ssl.cdn-redfin.com/photo/95/bigphoto/804/2715804_0.jpg,#2715804,,1999900,$520 ,"$10,113 ",488,Single Family,4580,2025-09-06T00:06:16.062Z,Redfin,3848,https://www.redfin.com/NV/Henderson/17-Winding-Rd-89052/home/29883787,2003,,,,
$253/mo,"861 Majestic Ridge Ct, Henderson, NV 89052",5.5,6,"Listing at 861 Majestic Ridge Ct, Henderson, NV 89052",415,For sale,0.63 acres,https://ssl.cdn-redfin.com/photo/95/bigphoto/607/2715607_0.jpg,#2715607,,1990000,$315 ,"$10,063 ",1269,Single Family,4874,2025-09-06T00:06:33.607Z,Redfin,6311,https://www.redfin.com/NV/Henderson/861-Majestic-Ridge-Ct-89052/home/29699173,2005,,,,
$16/mo,"2571 Swans Chance Ave, Henderson, NV 89052",2,3,"Listing at 2571 Swans Chance Ave, Henderson, NV 89052",92,For sale,"5,663 sq ft",https://ssl.cdn-redfin.com/photo/95/bigphoto/698/2714698_0.jpg,#2714698,,440000,$332 ,"$2,225 ",179,Single Family,2344,2025-09-06T00:06:47.412Z,Redfin,1325,https://www.redfin.com/NV/Henderson/2571-Swans-Chance-Ave-89052/home/29698318,1999,,,,
$133/mo,"1662 Ravanusa Dr, Henderson, NV 89052",4,5,"Listing at 1662 Ravanusa Dr, Henderson, NV 89052",234,For sale,"6,098 sq ft",https://ssl.cdn-redfin.com/photo/95/bigphoto/021/2714021_2.jpg,#2714021,,1125000,$349 ,"$5,689 ",397,Single Family,4059,2025-09-06T00:07:08.237Z,Redfin,3225,https://www.redfin.com/NV/Henderson/1662-Ravanusa-Dr-89052/home/29884923,2000,,,,
$553/mo,"2870 Quartz Canyon Dr, Henderson, NV 89052",5.5,4,"Listing at 2870 Quartz Canyon Dr, Henderson, NV 89052",833,For sale,0.71 acres,https://ssl.cdn-redfin.com/photo/95/bigphoto/193/2715193_0.jpg,#2715193,,3999999,$540 ,"$20,226 ",1138,Single Family,5730,2025-09-06T00:07:20.030Z,Redfin,7406,https://www.redfin.com/NV/Henderson/2870-Quartz-Canyon-Dr-89052/home/29840833,2002,,,,
$85/mo,"1024 Mocha Mattari St, Henderson, NV 89052",2.5,3,"Listing at 1024 Mocha Mattari St, Henderson, NV 89052",93,For sale,"3,049 sq ft",https://ssl.cdn-redfin.com/photo/95/bigphoto/081/2715081_4.jpg,#2715081,,448000,$328 ,"$2,265 ",139,Single Family,2317,2025-09-06T00:07:32.639Z,Redfin,1367,https://www.redfin.com/NV/Henderson/1024-Mocha-Mattari-St-89052/home/29185222,2006,,,,
$83/mo,"2670 Graceful Ln, Henderson, NV 89052",3.5,4,"Listing at 2670 Graceful Ln, Henderson, NV 89052",187,For sale,"7,841 sq ft",https://ssl.cdn-redfin.com/photo/95/bigphoto/827/2714827_1.jpg,#2714827,,899900,$353 ,"$4,550 ",312,Single Family,3537,2025-09-06T00:07:49.917Z,Redfin,2548,https://www.redfin.com/NV/Henderson/2670-Graceful-Ln-89052/home/29875866,2002,,,,
$149/mo,"2872 Sumter Valley Cir, Henderson, NV 89052",3.5,3,"Listing at 2872 Sumter Valley Cir, Henderson, NV 89052",286,For sale,"8,276 sq ft",https://ssl.cdn-redfin.com/photo/95/bigphoto/405/2714405_B.jpg,#2714405,,1375000,$433 ,"$6,953 ",527,Single Family,3906,2025-09-06T00:08:04.654Z,Redfin,3175,https://www.redfin.com/NV/Henderson/2872-Sumter-Valley-Cir-89052/home/29840683,2000,,,,
$87/mo,"2197 Big Bar Dr, Henderson, NV 89052",3,4,"Listing at 2197 Big Bar Dr, Henderson, NV 89052",198,For sale,0.27 acres,https://ssl.cdn-redfin.com/photo/95/bigphoto/888/2714888_7.jpg,#2714888,,949999,$317 ,"$4,804 ",419,Single Family,3508,2025-09-06T00:09:04.937Z,Redfin,3000,https://www.redfin.com/NV/Henderson/2197-Big-Bar-Dr-89052/home/29041227,2006,,,,
$100/mo,"11316 178 Pl NE, Redmond, WA 98052",3.5,4,"Listing at 11316 178 Pl NE, Redmond, WA 98052",481,For sale,"3,244 sq ft",https://ssl.cdn-redfin.com/photo/1/bigphoto/817/2427817_0.jpg,#2427817,,1750000,$714 ,"$8,849 ",895,Single Family,5142,2025-09-06T00:10:00.806Z,Redfin,2450,https://www.redfin.com/WA/Redmond/11316-178th-Pl-NE-98052/home/22808292,2012,,,,
$780/mo,"15939 NE 95th Way #12, Redmond, WA 98052",2.5,2,"Listing at 15939 NE 95th Way #12, Redmond, WA 98052",261,For sale,,https://ssl.cdn-redfin.com/photo/1/bigphoto/479/2427479_0.jpg,#2427479,2 car garage,950000,$594 ,"$4,804 ",657,Condo,3206,2025-09-06T00:10:29.784Z,Redfin,1598,https://www.redfin.com/WA/Redmond/15939-NE-95th-Way-98052/unit-12/home/12056,1998,,,,
$550/mo,"6439 NE 139th Ave #30, Redmond, WA 98052",1.5,2,"Listing at 6439 NE 139th Ave #30, Redmond, WA 98052",172,For sale,,https://ssl.cdn-redfin.com/photo/1/bigphoto/149/2429149_0.jpg,#2429149,,624800,$579 ,"$3,159 ",116,Single Family,2488,2025-09-06T00:11:09.020Z,Redfin,1080,https://www.redfin.com/WA/Redmond/6439-139th-Ave-NE-98052/unit-30/home/4092,1969,,,,
$510/mo,"10370 156th Pl NE #102, Redmond, WA 98052",3.5,3,"Listing at 10370 156th Pl NE #102, Redmond, WA 98052",256,For sale,,https://ssl.cdn-redfin.com/photo/1/bigphoto/806/2428806_1.jpg,#2428806,1 car garage,929950,$602 ,"$4,702 ",557,Single Family,3900,2025-09-06T00:11:36.062Z,Redfin,1546,https://www.redfin.com/WA/Redmond/10370-156th-Pl-NE-98052/unit-102/home/52428419,2013,,,,
$115/mo,"6555 159th Ave NE, Redmond, WA 98052",2,3,"Listing at 6555 159th Ave NE, Redmond, WA 98052",268,For sale,"6,764 sq ft",https://ssl.cdn-redfin.com/photo/1/bigphoto/999/2427999_0.jpg,#2427999,,975000,$668 ,"$4,930 ",574,Single Family,3493,2025-09-06T00:11:51.347Z,Redfin,1460,https://www.redfin.com/WA/Redmond/6555-159th-Ave-NE-98052/home/502193,1977,,,,
$241/mo,"6581 137th Pl NE #483, Redmond, WA 98052",1,,"Listing at 6581 137th Pl NE #483, Redmond, WA 98052",80,For sale,,https://ssl.cdn-redfin.com/photo/1/bigphoto/761/2427761_0.jpg,#2427761,1 space,289800,$697 ,"$1,465 ",130,Condo,1574,2025-09-06T00:12:06.357Z,Redfin,416,https://www.redfin.com/WA/Redmond/6581-137th-Pl-NE-98052/unit-483/home/24688,1972,,,,
$479/mo,"15840 NE Leary Way Unit 6-103, Redmond, WA 98052",1,1,"Listing at 15840 NE Leary Way Unit 6-103, Redmond, WA 98052",129,For sale,,https://ssl.cdn-redfin.com/photo/1/bigphoto/115/2427115_0.jpg,#2427115,1 space,469900,$544 ,"$2,376 ",279,Condo,1920,2025-09-06T00:12:20.642Z,Redfin,864,https://www.redfin.com/WA/Redmond/15840-NE-Leary-Way-98052/unit-06-103/home/65466,1984,,,,
$258/mo,"6440 139th Ave NE #8, Redmond, WA 98052",1,1,"Listing at 6440 139th Ave NE #8, Redmond, WA 98052",77,For sale,,https://ssl.cdn-redfin.com/photo/1/bigphoto/158/2427158_0.jpg,#2427158,1 space,279999,$673 ,"$1,416 ",130,Condo,1631,2025-09-06T00:12:32.132Z,Redfin,416,https://www.redfin.com/WA/Redmond/6440-139th-Pl-NE-98052/unit-8/home/5567,1969,,,,
$730/mo,"18669 NE 55th Way, Redmond, WA 98052",2.5,3,"Listing at 18669 NE 55th Way, Redmond, WA 98052",296,For sale,,https://ssl.cdn-redfin.com/system_files/media/1139257_JPG/item_43.jpg,#2420282,2 car garage,1075000,$617 ,"$5,436 ",631,Single Family,4160,2025-09-06T00:12:46.479Z,Redfin,1743,https://www.redfin.com/WA/Redmond/18669-NE-55th-Way-98052/home/179778864,1995,,,,
$186/mo,"12257 137th Pl NE #2903, Redmond, WA 98052",3.5,4,"Listing at 12257 137th Pl NE #2903, Redmond, WA 98052",357,For sale,,https://ssl.cdn-redfin.com/photo/1/bigphoto/854/2426854_0.jpg,#2426854,2 car garage,1299900,$595 ,"$6,573 ",1202,Condo,4754,2025-09-06T00:13:01.237Z,Redfin,2184,https://www.redfin.com/WA/Redmond/12257-137th-PL-NE-98052/unit-2903/home/197509669,2025,,,,
$406/mo,"15000 SW Farmington Rd #16, Beaverton, OR 97007",2,2,"Listing at 15000 SW Farmington Rd #16, Beaverton, OR 97007",51,For sale,,https://ssl.cdn-redfin.com/photo/84/bigphoto/571/442840571_0.jpg,#442840571,1 car garage,265000,$264 ,"$1,340 ",197,Condo,1914,2025-09-06T00:14:31.140Z,Redfin,1002,https://www.redfin.com/OR/Beaverton/15000-SW-Farmington-Rd-97007/unit-16/home/26621741,1984,,,,
$402/mo,"15480 SW Mica Ln, Beaverton, OR 97007",2.5,2,"Listing at 15480 SW Mica Ln, Beaverton, OR 97007",73,For sale,"1,306 sq ft",https://ssl.cdn-redfin.com/photo/84/bigphoto/508/165274508_0.jpg,#165274508,,379900,$290 ,"$1,921 ",368,Single Family,3231,2025-09-06T00:14:58.539Z,Redfin,1309,https://www.redfin.com/OR/Beaverton/15480-SW-Mica-Ln-97007/home/26724206,2006,,,,
$75/mo,"9410 Knollcrest Blvd, Alpharetta, GA 30022",2.5,3,"Listing at 9410 Knollcrest Blvd, Alpharetta, GA 30022",253,For sale,"6,098 sq ft",https://ssl.cdn-redfin.com/photo/82/bigphoto/529/7644529_0.jpg,#7644529,,490000,$222 ,"$2,478 ",334,Single Family,2747,2025-09-06T00:17:32.390Z,Redfin,2208,https://www.redfin.com/GA/Alpharetta/9410-Knollcrest-Blvd-30022/home/24837857,1986,,,,
$225/mo,"51 Nesbit Pl, Alpharetta, GA 30022",3.5,5,"Listing at 51 Nesbit Pl, Alpharetta, GA 30022",222,For sale,"1,306 sq ft",https://ssl.cdn-redfin.com/photo/82/bigphoto/402/7643402_0.jpg,#7643402,,429900,$248 ,"$2,174 ",250,Single Family,2416,2025-09-06T00:17:52.388Z,Redfin,1736,https://www.redfin.com/GA/Alpharetta/51-Nesbit-Pl-30022/home/24815294,1987,,,,
$54/mo,"9920 Timberstone Rd, Alpharetta, GA 30022",2.5,4,"Listing at 9920 Timberstone Rd, Alpharetta, GA 30022",315,COMING SOON,0.68 acres,https://ssl.cdn-redfin.com/photo/82/bigphoto/001/7642001_0.jpg,#7642001,,610000,$193 ,"$3,084 ",245,Single Family,3254,2025-09-06T00:18:02.802Z,Redfin,3158,https://www.redfin.com/GA/Alpharetta/9920-Timberstone-Rd-30022/home/24755275,1978,,,,
$350/mo,"10296 Quadrant Ct, Alpharetta, GA 30022",2.5,3,"Listing at 10296 Quadrant Ct, Alpharetta, GA 30022",297,For sale,"2,613 sq ft",https://ssl.cdn-redfin.com/photo/82/bigphoto/385/7642385_0.jpg,#7642385,,575000,$291 ,"$2,908 ",226,Single Family,2665,2025-09-06T00:18:13.337Z,Redfin,1974,https://www.redfin.com/GA/Alpharetta/10296-Quadrant-Ct-30022/home/24689843,2005,,,,
$317/mo,"2100 Northwick Pass Way, Alpharetta, GA 30022",5,4,"Listing at 2100 Northwick Pass Way, Alpharetta, GA 30022",801,COMING SOON,0.31 acres,https://ssl.cdn-redfin.com/photo/82/bigphoto/971/7626971_0.jpg,#7626971,,1550000,$220 ,"$7,838 ",1142,Single Family,4770,2025-09-06T00:18:31.418Z,Redfin,7036,https://www.redfin.com/GA/Alpharetta/2100-Northwick-Pass-Way-30022/home/24789693,1993,,,,
$612/mo,"9018 Riverbend Mnr, Alpharetta, GA 30022",3.5,3,"Listing at 9018 Riverbend Mnr, Alpharetta, GA 30022",464,For sale,"1,306 sq ft",https://ssl.cdn-redfin.com/photo/82/bigphoto/093/7638093_3.jpg,#7638093,,899000,$346 ,"$4,546 ",595,Single Family,3070,2025-09-06T00:18:50.810Z,Redfin,2600,https://www.redfin.com/GA/Alpharetta/9018-Riverbend-Mnr-30022/home/197358810,2005,,,,
$255/mo,"532 Millwood Ln, Mount Juliet, TN 37122",2.5,3,"Listing at 532 Millwood Ln, Mount Juliet, TN 37122",201,For sale,435 sq ft,https://ssl.cdn-redfin.com/photo/145/bigphoto/033/2990033_0.jpg,#2990033,1 car garage,389900,$226 ,"$1,972 ",105,Single Family,2160,2025-09-06T00:19:49.957Z,Redfin,1728,https://www.redfin.com/TN/Mount-Juliet/532-Millwood-Ln-37122/home/68709425,2013,,,,
$140/mo,"9977 Hough Pt, Parker, CO 80134",3,2,"Listing at 9977 Hough Pt, Parker, CO 80134",257,For sale,"3,223 sq ft",https://ssl.cdn-redfin.com/photo/94/bigphoto/492/8623492_0.jpg,#8623492,,550000,$190 ,"$2,781 ",399,Single Family,3290,2025-09-06T00:21:08.380Z,Redfin,2898,https://www.redfin.com/CO/Parker/9977-Hough-Pt-80134/home/112988628,2016,,,,
$463/mo,"17315 Waterhouse Cir Unit B, Parker, CO 80134",3,3,"Listing at 17315 Waterhouse Cir Unit B, Parker, CO 80134",187,For sale,,https://ssl.cdn-redfin.com/photo/94/bigphoto/644/9425644_0.jpg,#9425644,1 car garage,400000,$292 ,"$2,023 ",188,Condo,2520,2025-09-06T00:26:16.971Z,Redfin,1368,https://www.redfin.com/CO/Parker/17315-Waterhouse-Cir-80134/unit-B/home/35121809,2005,[object Object],2240,2800,RentCast
$150/mo,"12161 S Leaning Pine Ct, Parker, CO 80134",6,5,"Listing at 12161 S Leaning Pine Ct, Parker, CO 80134",688,COMING SOON ON SEP 6,0.45 acres,https://ssl.cdn-redfin.com/photo/94/bigphoto/331/6728331_0.jpg,#6728331,,1475000,$201 ,"$7,458 ",817,Single Family,4460,2025-09-06T00:26:34.358Z,Redfin,7333,https://www.redfin.com/CO/Parker/12161-S-Leaning-Pine-Ct-80134/home/35117930,2007,,,,
$305/mo,"12884 Ironstone Way #304, Parker, CO 80134",1,1,"Listing at 12884 Ironstone Way #304, Parker, CO 80134",149,For sale,,https://ssl.cdn-redfin.com/photo/94/bigphoto/895/9045895_0.jpg,#9045895,1 space,320000,$414 ,"$1,618 ",114,Condo,1760,2025-09-06T00:26:49.157Z,Redfin,773,https://www.redfin.com/CO/Parker/12884-Ironstone-Way-80134/unit-304/home/35107579,2002,[object Object],1580,1930,RentCast
$241/mo,"18633 Stroh Rd Unit 1-003, Parker, CO 80134",2,2,"Listing at 18633 Stroh Rd Unit 1-003, Parker, CO 80134",184,COMING SOON ON SEP 6,,https://ssl.cdn-redfin.com/photo/94/bigphoto/055/3124055_0.jpg,#3124055,1 garage spaces,395000,$364 ,"$1,997 ",0,Condo,1771,2025-09-06T00:27:02.677Z,Redfin,1084,https://www.redfin.com/CO/Parker/18633-Stroh-Rd-80134/unit-1-003/home/189500810,2024,,,,
$102/mo,"10136 Tall Oaks St, Parker, CO 80134",3,3,"Listing at 10136 Tall Oaks St, Parker, CO 80134",265,For sale,,https://ssl.cdn-redfin.com/photo/94/bigphoto/388/4848388_0.jpg,#4848388,2 car garage,567000,$196 ,"$2,867 ",390,Single Family,3280,2025-09-06T00:27:24.421Z,Redfin,2898,https://www.redfin.com/CO/Parker/10136-Tall-Oaks-St-80134/home/83455717,2014,[object Object],3240,3330,RentCast
$698/mo,"13456 Via Varra #224, Broomfield, CO 80020",2,2,"Listing at 13456 Via Varra #224, Broomfield, CO 80020",198,For sale,,https://ssl.cdn-redfin.com/photo/91/bigphoto/766/1042766_0.jpg,#1042766,1 car garage,425000,$334 ,"$2,149 ",279,Condo,2130,2025-09-06T00:28:33.141Z,Redfin,1274,https://www.redfin.com/CO/Broomfield/13456-Via-Varra-80020/unit-224/home/35502735,2007,[object Object],2060,2200,RentCast
$6/mo,"24738 Christina Ln, Novi, MI 48375",2.5,4,"Listing at 24738 Christina Ln, Novi, MI 48375",217,For sale,"10,454 sq ft",https://ssl.cdn-redfin.com/photo/173/bigphoto/618/25045618_0.jpg,#25045618,,500000,$231 ,"$2,528 ",367,Single Family,3140,2025-09-06T01:04:34.550Z,Redfin,2166,https://www.redfin.com/MI/Novi/24738-Christina-Ln-48375/home/99039023,1979,[object Object],2960,3320,RentCast
$365/mo,"23404 N Rockledge, Novi, MI 48375",1.5,2,"Listing at 23404 N Rockledge, Novi, MI 48375",93,For sale,,https://ssl.cdn-redfin.com/photo/144/bigphoto/819/20251032819_0.jpg,#20251032819,1 car garage,215000,$157 ,"$1,087 ",266,Condo,1460,2025-09-06T01:05:17.879Z,Redfin,1373,https://www.redfin.com/MI/Novi/23404-N-Rockledge-48375/home/99039667,1978,,,,
$182/mo,"43625 Prospect Ln, Novi, MI 48375",2.5,3,"Listing at 43625 Prospect Ln, Novi, MI 48375",238,For sale,,https://ssl.cdn-redfin.com/photo/144/bigphoto/917/20251030917_1.jpg,#20251030917,2 car garage,549900,$268 ,"$2,781 ",676,Condo,2267,2025-09-06T01:05:31.779Z,Redfin,2050,https://www.redfin.com/MI/Novi/43625-Prospect-48375/home/191281875,2020,,,,
$5/mo,"42359 Park Ridge Rd, Novi, MI 48375",2.5,4,"Listing at 42359 Park Ridge Rd, Novi, MI 48375",195,For sale,"7,405 sq ft",https://ssl.cdn-redfin.com/photo/144/bigphoto/954/20251021954_2.jpg,#20251021954,,449500,$263 ,"$2,273 ",294,Single Family,2019,2025-09-06T01:05:52.595Z,Redfin,1708,https://www.redfin.com/MI/Novi/42359-Park-Ridge-Rd-48375/home/99039167,1973,,,,
$26/mo,"22530 Sheridan Rd, Novi, MI 48375",2,4,"Listing at 22530 Sheridan Rd, Novi, MI 48375",173,For sale,"10,019 sq ft",https://ssl.cdn-redfin.com/photo/144/bigphoto/996/20251029996_0.jpg,#20251029996,,399000,$230 ,"$2,018 ",391,Single Family,2242,2025-09-06T01:06:04.867Z,Redfin,1734,https://www.redfin.com/MI/Novi/22530-Sheridan-Rd-48375/home/99224495,1972,,,,
$413/mo,"2667 Blossom Way, Naples, FL 34120",2.5,3,"Listing at 2667 Blossom Way, Naples, FL 34120",233,For sale,,https://ssl.cdn-redfin.com/photo/195/bigphoto/196/225069196_0.jpg,#225069196,1 car garage,350000,$195 ,"$1,770 ",333,Single Family,2340,2025-09-06T01:07:58.401Z,Redfin,1791,https://www.redfin.com/FL/Naples/2667-Blossom-Way-34120/home/145567008,2019,[object Object],2300,2380,RentCast
"$1,452/mo","8275 Danbury Blvd #104, Naples, FL 34120",2,2,"Listing at 8275 Danbury Blvd #104, Naples, FL 34120",399,For sale,,https://ssl.cdn-redfin.com/photo/195/bigphoto/314/225068314_0.jpg,#225068314,1 car garage,599000,$347 ,"$3,029 ",0,Condo,5740,2025-09-06T01:08:21.850Z,Redfin,1724,https://www.redfin.com/FL/Naples/8275-Danbury-Blvd-34120/unit-104/home/169630893,2000,[object Object],3740,7740,RentCast
, ,2.5,3,Listing at  ,282,For sale,,https://ssl.cdn-redfin.com/photo/595/bigphoto/32C/7F956C9D232C_0.jpg,#7F956C9D232C,2 car garage,422500,$196 ,"$2,136 ",391,Single Family,2205,2025-09-06T01:10:43.980Z,Redfin,2161,https://www.redfin.com/FL/New-Port-Richey/10832-Littleton-Isle-Dr-34655/home/197591035,2025,,,,
,"13232 Blissfield Rd, ODESSA, FL 33556",2,3,"Listing at 13232 Blissfield Rd, ODESSA, FL 33556",280,For sale,0.33 acres,https://ssl.cdn-redfin.com/photo/118/bigphoto/272/TB8423272_0.jpg,#TB8423272,2 spaces,420000,$227 ,"$2,124 ",83,Single Family,2850,2025-09-06T01:11:00.318Z,Redfin,1852,https://www.redfin.com/FL/Odessa/13232-Blissfield-Rd-33556/home/48382394,1926,,,,
,"9139 Nile Dr, NEW PORT RICHEY, FL 34655",2,3,"Listing at 9139 Nile Dr, NEW PORT RICHEY, FL 34655",307,For sale,0.58 acres,,#W7878734,2 car garage,459900,$250 ,"$2,326 ",498,Single Family,2730,2025-09-06T01:11:27.953Z,Redfin,1840,https://www.redfin.com/FL/New-Port-Richey/9139-Nile-Dr-34655/home/48325755,1981,,,,
$10/mo,"9119 Remington Dr, NEW PORT RICHEY, FL 34655",2,3,"Listing at 9119 Remington Dr, NEW PORT RICHEY, FL 34655",310,For sale,0.27 acres,https://ssl.cdn-redfin.com/photo/118/bigphoto/548/TB8418548_0.jpg,#TB8418548,,465000,$247 ,"$2,351 ",180,Single Family,2627,2025-09-06T01:11:47.750Z,Redfin,1880,https://www.redfin.com/FL/New-Port-Richey/9119-Remington-Dr-34655/home/48323472,1989,,,,
$54/mo,"210 John Clift Cir, Madison, AL 35757",3,4,"Listing at 210 John Clift Cir, Madison, AL 35757",395,For sale,0.29 acres,https://ssl.cdn-redfin.com/photo/252/bigphoto/369/21898369_0.jpg,#21898369,3 car garage,509900,$204 ,"$2,578 ",472,Single Family,2735,2025-09-06T01:13:13.146Z,Redfin,2503,https://www.redfin.com/AL/Madison/210-John-Clift-CIR-35757/home/192615770,,,,,
,"117 Sanoma Dr, Madison, AL 35758",2.5,4,"Listing at 117 Sanoma Dr, Madison, AL 35758",464,For sale,0.42 acres,https://ssl.cdn-redfin.com/photo/252/bigphoto/093/21898093_0.jpg,#21898093,2 car garage,599000,$170 ,"$3,029 ",217,Single Family,2085,2025-09-06T01:13:41.597Z,Redfin,3514,https://www.redfin.com/AL/Madison/117-Sanoma-Dr-35758/home/126072033,1992,,,,
$46/mo,"244 West Lake Cir, Madison, AL 35758",2,2,"Listing at 244 West Lake Cir, Madison, AL 35758",,For sale,"6,098 sq ft",https://ssl.cdn-redfin.com/photo/252/bigphoto/614/21897614_0.jpg,#21897614,,279900,$158 ,,,Single Family,1690,2025-09-06T01:13:55.315Z,Redfin,1771,https://www.redfin.com/AL/Madison/244-W-Lake-Cir-35758/home/126486226,1988,[object Object],1540,1850,RentCast
,"2825 E Inwood Ln, Fayetteville, AR 72701",2.5,4,"Listing at 2825 E Inwood Ln, Fayetteville, AR 72701",409,For sale,0.8 acres,https://ssl.cdn-redfin.com/photo/295/bigphoto/359/1321359_4.jpg,#1321359,1 space,539700,$186 ,"$2,729 ",202,Single Family,2828,2025-09-06T01:15:05.751Z,Redfin,2903,https://www.redfin.com/AR/Fayetteville/2825-E-Inwood-Ln-72701/home/126332805,1975,,,,
$135/mo,"305 Lake St #1, Nicholasville, KY 40356",1,2,"Listing at 305 Lake St #1, Nicholasville, KY 40356",71,For sale,,https://ssl.cdn-redfin.com/photo/208/mbphotov3/582/genMid.25500582_2_0.jpg,#25500582,,115000,$135 ,$582 ,42,Single Family,1622,2025-09-06T01:17:04.370Z,Redfin,850,https://www.redfin.com/KY/Nicholasville/305-Lake-St-40356/unit-1/home/111238922,1980,,,,
,"2120 Robin Rd, Bowling Green, KY 42101",2,3,"Listing at 2120 Robin Rd, Bowling Green, KY 42101",129,For sale,0.25 acres,https://ssl.cdn-redfin.com/photo/389/bigphoto/131/RA20255131_0.jpg,#RA20255131,1 car garage,209900,$183 ,"$1,061 ",68,Single Family,1271,2025-09-06T01:18:53.850Z,Redfin,1147,https://www.redfin.com/KY/Bowling-Green/2120-Robin-Rd-42101/home/133018999,1980,,,,
$145/mo,"1031 Santa Rosa Ct, WATSONVILLE, CA 95076",2,2,"Listing at 1031 Santa Rosa Ct, WATSONVILLE, CA 95076",,For sale,"1,002 sq ft",https://ssl.cdn-redfin.com/photo/8/mbphotov3/620/genMid.ML82017620_7_0.jpg,#ML82017620,,650000,$626 ,,,Single Family,2888,2025-09-06T01:20:52.364Z,Redfin,1038,https://www.redfin.com/CA/Watsonville/1031-Santa-Rosa-Ct-95076/home/12308986,2004,,,,
$372/mo,"133 Skyline Vista Way, WATSONVILLE, CA 95076",3.5,3,"Listing at 133 Skyline Vista Way, WATSONVILLE, CA 95076",276,For sale,"2,178 sq ft",https://ssl.cdn-redfin.com/photo/8/bigphoto/695/ML82019695_0.jpg,#ML82019695,,1035000,$505 ,"$5,234 ",1078,Single Family,4552,2025-09-06T01:21:15.167Z,Redfin,2048,https://www.redfin.com/CA/Watsonville/133-Skyline-Vis-Way-95076/home/186232466,2025,,,,
$744/mo,"101 Shell Dr #208, WATSONVILLE, CA 95076",2,2,"Listing at 101 Shell Dr #208, WATSONVILLE, CA 95076",73,For sale,,https://ssl.cdn-redfin.com/photo/8/bigphoto/185/ML82019185_0.jpg,#ML82019185,,275000,$261 ,"$1,391 ",286,Condo,2145,2025-09-06T01:21:48.961Z,Redfin,1052,https://www.redfin.com/CA/Watsonville/101-Shell-Dr-95076/unit-208/home/2337124,1974,,,,
$344/mo,"130 Skyline Vista Way, WATSONVILLE, CA 95076",3.5,3,"Listing at 130 Skyline Vista Way, WATSONVILLE, CA 95076",233,For sale,"1,307 sq ft",https://ssl.cdn-redfin.com/photo/8/bigphoto/568/ML82018568_0.jpg,#ML82018568,,875000,$539 ,"$4,424 ",911,Single Family,4623,2025-09-06T01:22:19.999Z,Redfin,1622,https://www.redfin.com/CA/Watsonville/130-Skyline-Vis-Way-95076/home/186232450,2025,,,,
$331/mo,"127 Terry Loop, WATSONVILLE, CA 95076",2.5,3,"Listing at 127 Terry Loop, WATSONVILLE, CA 95076",170,For sale,828 sq ft,https://ssl.cdn-redfin.com/photo/8/bigphoto/083/ML82015083_1.jpg,#ML82015083,,639000,$484 ,"$3,231 ",666,Single Family,3382,2025-09-06T01:23:12.165Z,Redfin,1320,https://www.redfin.com/CA/Watsonville/127-Terry-Loop-95076/home/17313097,1986,,,,
$140/mo,"101 Shell Dr #42, WATSONVILLE, CA 95076",2,2,"Listing at 101 Shell Dr #42, WATSONVILLE, CA 95076",50,For sale,,https://ssl.cdn-redfin.com/photo/8/mbphotov3/203/genMid.ML82013203_7_0.jpg,#ML82013203,,189000,$182 ,$956 ,197,Condo,2115,2025-09-06T01:23:28.652Z,Redfin,1040,https://www.redfin.com/CA/Watsonville/101-Shell-Dr-95076/unit-42/home/2431855,1973,,,,
$135/mo,"18762 E 99th Ave, Commerce City, CO 80022",3,3,"Listing at 18762 E 99th Ave, Commerce City, CO 80022",195,For sale,"2,400 sq ft",https://ssl.cdn-redfin.com/photo/94/bigphoto/483/2453483_0.jpg,#2453483,,417595,$278 ,"$2,112 ",459,Single Family,2660,2025-09-06T01:25:10.603Z,Redfin,1503,https://www.redfin.com/CO/Commerce-City/18762-E-99th-Ave-80022/home/184851709,2025,[object Object],2610,2710,RentCast
$110/mo,"9667 Walden St, Commerce City, CO 80022",3,3,"Listing at 9667 Walden St, Commerce City, CO 80022",187,COMING SOON ON SEP 11,"2,126 sq ft",https://ssl.cdn-redfin.com/photo/94/bigphoto/431/4493431_0.jpg,#4493431,,400000,$258 ,"$2,023 ",434,Single Family,2660,2025-09-06T01:25:24.572Z,Redfin,1553,https://www.redfin.com/CO/Commerce-City/9667-Walden-St-80022/home/171254916,2020,[object Object],2610,2700,RentCast
$185/mo,"2905 Denson Rd, Fuquay Varina, NC 27526",2.5,3,"Listing at 2905 Denson Rd, Fuquay Varina, NC 27526",139,For sale,"2,613 sq ft",https://ssl.cdn-redfin.com/photo/102/bigphoto/213/10118213_0.jpg,#10118213,,354990,$183 ,"$1,795 ",328,Single Family,2220,2025-09-06T01:26:39.718Z,Redfin,1938,https://www.redfin.com/NC/Fuquay-Varina/2905-Denson-RD-27526/home/197431359,2025,[object Object],2080,2350,RentCast
$216/mo,"8867 Rollright Ct Unit E G-85, Columbia, MD 21045",1,2,"Listing at 8867 Rollright Ct Unit E G-85, Columbia, MD 21045",59,For sale,,https://ssl.cdn-redfin.com/photo/235/bigphoto/198/MDHW2059198_0.jpg,#MDHW2059198,,220000,$235 ,"$1,112 ",211,Condo,1760,2025-09-06T01:29:34.448Z,Redfin,938,https://www.redfin.com/MD/Columbia/8867-Roll-Right-Ct-21045/unit-E-G-85/home/21963507,1975,[object Object],1690,1820,RentCast
$538/mo,"8879 Warm Granite Dr #27, Columbia, MD 21045",4.5,4,"Listing at 8879 Warm Granite Dr #27, Columbia, MD 21045",187,For sale,,https://ssl.cdn-redfin.com/photo/235/bigphoto/758/MDHW2058758_1.jpg,#MDHW2058758,2 garage spaces,700000,$167 ,"$3,540 ",759,Single Family,3272,2025-09-06T01:29:48.832Z,Redfin,4196,https://www.redfin.com/MD/Columbia/8879-Warm-Granite-Dr-21045/unit-27/home/11744453,2006,,,,
$42/mo,"9487 Timesweep Lane Ln, Columbia, MD 21045",3.5,5,"Listing at 9487 Timesweep Lane Ln, Columbia, MD 21045",115,For sale,"1,307 sq ft",https://ssl.cdn-redfin.com/photo/235/bigphoto/128/MDHW2059128_0.jpg,#MDHW2059128,,429900,$217 ,"$2,174 ",151,Single Family,2375,2025-09-06T01:30:00.969Z,Redfin,1980,https://www.redfin.com/MD/Columbia/9487-Timesweep-Ln-21045/home/9957266,1971,,,,
$321/mo,"5915 Tamar Dr #3, Columbia, MD 21045",1,2,"Listing at 5915 Tamar Dr #3, Columbia, MD 21045",56,For sale,,,#MDHW2058994,,208900,$230 ,"$1,056 ",237,Condo,1585,2025-09-06T01:30:12.852Z,Redfin,908,https://www.redfin.com/MD/Columbia/5915-Tamar-Dr-21045/unit-3/home/143279982,1982,,,,
$38/mo,"6115 Little Foxes Run, Columbia, MD 21045",3.5,4,"Listing at 6115 Little Foxes Run, Columbia, MD 21045",124,For sale,"1,960 sq ft",https://ssl.cdn-redfin.com/photo/235/bigphoto/426/MDHW2058426_0.jpg,#MDHW2058426,,465000,$231 ,"$2,351 ",465,Single Family,2613,2025-09-06T01:30:27.686Z,Redfin,2012,https://www.redfin.com/MD/Columbia/6115-Little-Foxes-Run-21045/home/10004064,1991,,,,
$43/mo,"5824 Humblebee Rd, Columbia, MD 21045",3.5,4,"Listing at 5824 Humblebee Rd, Columbia, MD 21045",104,For sale,"1,437 sq ft",https://ssl.cdn-redfin.com/photo/235/bigphoto/582/MDHW2058582_2.jpg,#MDHW2058582,,390000,$210 ,"$1,972 ",356,Single Family,2390,2025-09-06T01:30:38.962Z,Redfin,1860,https://www.redfin.com/MD/Columbia/5824-Humblebee-Rd-21045/home/9965020,1971,,,,
$274/mo,"8727 Hayshed Ln #11, Columbia, MD 21045",1,1,"Listing at 8727 Hayshed Ln #11, Columbia, MD 21045",49,COMING SOON ON SEP 19,,https://ssl.cdn-redfin.com/photo/235/bigphoto/082/MDHW2058082_0.jpg,#MDHW2058082,1 space,185000,$230 ,$935 ,197,Condo,1547,2025-09-06T01:30:55.747Z,Redfin,805,https://www.redfin.com/MD/Columbia/8727-Hayshed-Ln-21045/unit-11/home/9952241,1974,,,,
$123/mo,"9323 Matador Rd, Columbia, MD 21045",3,4,"Listing at 9323 Matador Rd, Columbia, MD 21045",132,For sale,"1,306 sq ft",https://ssl.cdn-redfin.com/photo/235/bigphoto/210/MDHW2058210_3.jpg,#MDHW2058210,,495000,$238 ,"$2,503 ",387,Single Family,3670,2025-09-06T01:31:11.290Z,Redfin,2081,https://www.redfin.com/MD/Columbia/9323-Matador-Rd-21045/home/9972224,1971,[object Object],3040,4300,RentCast
$656/mo,"8736 Endless Ocean Way #24, Columbia, MD 21045",4,3,"Listing at 8736 Endless Ocean Way #24, Columbia, MD 21045",186,For sale,,https://ssl.cdn-redfin.com/photo/235/bigphoto/934/MDHW2057934_1.jpg,#MDHW2057934,2 garage spaces,699000,$201 ,"$3,535 ",645,Single Family,3310,2025-09-06T01:31:28.741Z,Redfin,3480,https://www.redfin.com/MD/Columbia/8736-Endless-Ocean-Way-21045/unit-24/home/10225674,2005,,,,
$72/mo,"5781 Alderleaf Pl, Columbia, MD 21045",2.5,4,"Listing at 5781 Alderleaf Pl, Columbia, MD 21045",112,For sale,"2,439 sq ft",https://ssl.cdn-redfin.com/photo/235/bigphoto/604/MDHW2057604_2.jpg,#MDHW2057604,,420000,$238 ,"$2,124 ",466,Single Family,3410,2025-09-06T01:31:42.446Z,Redfin,1768,https://www.redfin.com/MD/Columbia/5781-Alderleaf-Pl-21045/home/9969192,1972,[object Object],2680,4140,RentCast
$156/mo,"8866 Goose Landing Cir, Columbia, MD 21045",2.5,3,"Listing at 8866 Goose Landing Cir, Columbia, MD 21045",93,For sale,,https://ssl.cdn-redfin.com/photo/235/bigphoto/126/MDHW2058126_1.jpg,#MDHW2058126,,349900,$216 ,"$1,769 ",433,Single Family,2416,2025-09-06T01:32:03.609Z,Redfin,1620,https://www.redfin.com/MD/Columbia/8866-Goose-Landing-Cir-21045/home/10073977,1996,,,,
$79/mo,"7453 Hickory Log Cir, Columbia, MD 21045",3.5,4,"Listing at 7453 Hickory Log Cir, Columbia, MD 21045",120,For sale,"1,481 sq ft",https://ssl.cdn-redfin.com/photo/235/mbphotov3/972/genMid.MDHW2057972_3_1.jpg,#MDHW2057972,,449900,$237 ,"$2,275 ",385,Single Family,2542,2025-09-06T01:32:41.672Z,Redfin,1902,https://www.redfin.com/MD/Columbia/7453-Hickory-Log-Cir-21045/home/9977736,1976,,,,
$238/mo,"6095 Majors Ln Unit 2 L26, Columbia, MD 21045",1,1,"Listing at 6095 Majors Ln Unit 2 L26, Columbia, MD 21045",61,For sale,,,#MDHW2058000,,230000,$327 ,"$1,163 ",192,Condo,1477,2025-09-06T01:33:01.275Z,Redfin,704,https://www.redfin.com/MD/Columbia/6095-Majors-Ln-21045/unit-2/home/167062940,1982,,,,
$366/mo,"8729 Hayshed Ln #33, Columbia, MD 21045",2,2,"Listing at 8729 Hayshed Ln #33, Columbia, MD 21045",68,For sale,,https://ssl.cdn-redfin.com/photo/235/bigphoto/834/MDHW2057834_0.jpg,#MDHW2057834,,255000,$243 ,"$1,289 ",200,Condo,2030,2025-09-06T01:33:27.131Z,Redfin,1051,https://www.redfin.com/MD/Columbia/8729-Hayshed-Ln-21045/unit-33/home/9952186,1974,,,,
$58/mo,"6238 Deep Earth Ln, Columbia, MD 21045",3,3,"Listing at 6238 Deep Earth Ln, Columbia, MD 21045",129,For sale,871 sq ft,https://ssl.cdn-redfin.com/photo/235/bigphoto/812/MDHW2056812_4.jpg,#MDHW2056812,,485000,$229 ,"$2,452 ",353,Single Family,2655,2025-09-06T01:33:46.728Z,Redfin,2120,https://www.redfin.com/MD/Columbia/6238-Deep-Earth-Ln-21045/home/10005342,1996,,,,
$48/mo,"8300 Silver Trumpet Dr, Columbia, MD 21045",3.5,3,"Listing at 8300 Silver Trumpet Dr, Columbia, MD 21045",127,For sale,"1,960 sq ft",https://ssl.cdn-redfin.com/photo/235/bigphoto/286/MDHW2057286_1.jpg,#MDHW2057286,,475000,$270 ,"$2,402 ",461,Single Family,2469,2025-09-06T01:34:11.045Z,Redfin,1760,https://www.redfin.com/MD/Columbia/8300-Silver-Trumpet-Dr-21045/home/10001216,1990,,,,
$402/mo,"168 Golfview Ln, Summerville, SC 29485",2,2,"Listing at 168 Golfview Ln, Summerville, SC 29485",178,For sale,435 sq ft,https://ssl.cdn-redfin.com/photo/151/bigphoto/474/25024474_0.jpg,#25024474,,300000,$185 ,"$1,517 ",122,Condo,2476,2025-09-06T01:35:45.017Z,Redfin,1625,https://www.redfin.com/SC/Summerville/168-Golf-View-Ln-29485/home/68698426,2006,,,,
$75/mo,"145 Hidden Palms Blvd, Summerville, SC 29485",2.5,2,"Listing at 145 Hidden Palms Blvd, Summerville, SC 29485",142,For sale,"1,306 sq ft",https://ssl.cdn-redfin.com/photo/151/bigphoto/374/25024374_0.jpg,#25024374,,240000,$188 ,"$1,214 ",131,Single Family,1761,2025-09-06T01:36:10.349Z,Redfin,1280,https://www.redfin.com/SC/Summerville/145-Hidden-Palms-Blvd-29485/home/68618028,2014,,,,
$125/mo,"137 Steeple Point Ct, Summerville, SC 29485",2.5,3,"Listing at 137 Steeple Point Ct, Summerville, SC 29485",186,For sale,"4,791 sq ft",https://ssl.cdn-redfin.com/photo/151/bigphoto/076/25024076_1.jpg,#25024076,,315000,$199 ,"$1,593 ",123,Single Family,1997,2025-09-06T01:36:40.919Z,Redfin,1585,https://www.redfin.com/SC/Summerville/137-Steeple-Point-Ct-29485/home/68900531,2006,,,,
$219/mo, ,2.5,3,Listing at  ,178,For sale,"2,613 sq ft",https://ssl.cdn-redfin.com/photo/151/bigphoto/193/25024193_1.jpg,#25024193,,300325,$158 ,"$1,519 ",278,Single Family,2001,2025-09-06T01:36:58.332Z,Redfin,1905,https://www.redfin.com/SC/Summerville/208-Agrarian-AVE-29485/home/197631532,2025,,,,
$280/mo,"136 Lynches River Dr, Summerville, SC 29485",2.5,4,"Listing at 136 Lynches River Dr, Summerville, SC 29485",177,For sale,"2,613 sq ft",https://ssl.cdn-redfin.com/photo/151/bigphoto/082/25024082_3.jpg,#25024082,,299000,$180 ,"$1,512 ",339,Single Family,1910,2025-09-06T01:37:34.885Z,Redfin,1664,https://www.redfin.com/SC/Summerville/136-Lynches-River-Dr-29485/home/108685046,2005,,,,
$125/mo,"117 Steeple Point Ct, Summerville, SC 29485",2.5,3,"Listing at 117 Steeple Point Ct, Summerville, SC 29485",178,For sale,"8,712 sq ft",https://ssl.cdn-redfin.com/photo/151/bigphoto/975/25023975_1.jpg,#25023975,,300000,$189 ,"$1,517 ",158,Single Family,2038,2025-09-06T01:37:51.789Z,Redfin,1585,https://www.redfin.com/SC/Summerville/117-Steeple-Point-Ct-29485/home/68655598,2005,,,,
$175/mo,"5156 Double Eagle Lp, Summerville, SC 29485",3.5,4,"Listing at 5156 Double Eagle Lp, Summerville, SC 29485",257,For sale,"1,742 sq ft",https://ssl.cdn-redfin.com/photo/151/bigphoto/648/25023648_Q.jpg,#25023648,,435000,$177 ,"$2,200 ",402,Single Family,2510,2025-09-06T01:38:13.220Z,Redfin,2463,https://www.redfin.com/SC/Summerville/5156-Double-Eagle-Loop-29485/home/193374607,2024,,,,
$280/mo,"2548 Chasewater Dr, Fort Mill, SC 29707",2.5,3,"Listing at 2548 Chasewater Dr, Fort Mill, SC 29707",234,For sale,"1,742 sq ft",https://ssl.cdn-redfin.com/photo/103/bigphoto/139/4299139_0.jpg,#4299139,,395900,$199 ,"$2,002 ",553,Single Family,2440,2025-09-06T01:38:52.369Z,Redfin,1990,https://www.redfin.com/SC/Fort-Mill/2548-Chasewater-Dr-29707/home/52178654,2008,,,,
$212/mo,"6001 Sweetbay Ln, Fort Mill, SC 29707",2.5,3,"Listing at 6001 Sweetbay Ln, Fort Mill, SC 29707",213,For sale,"2,613 sq ft",https://ssl.cdn-redfin.com/photo/103/bigphoto/736/4297736_2.jpg,#4297736,,360000,$201 ,"$1,820 ",169,Single Family,2377,2025-09-06T01:39:12.775Z,Redfin,1790,https://www.redfin.com/SC/Fort-Mill/6001-Sweetbay-Ln-29707/home/112976425,2016,,,,
$284/mo,"5635 De Vere Dr, Indian Land, SC 29707",2.5,3,"Listing at 5635 De Vere Dr, Indian Land, SC 29707",257,For sale,"3,049 sq ft",https://ssl.cdn-redfin.com/photo/103/bigphoto/984/4298984_0.jpg,#4298984,,435000,$222 ,"$2,200 ",233,Single Family,2601,2025-09-06T01:39:51.598Z,Redfin,1960,https://www.redfin.com/SC/Fort-Mill/5635-De-Vere-Dr-29707/home/183558403,2023,,,,
$200/mo,"2146 Flicker Rd Unit 1033C, Indian Land, SC 29707",2.5,3,"Listing at 2146 Flicker Rd Unit 1033C, Indian Land, SC 29707",254,For sale,"2,265 sq ft",https://ssl.cdn-redfin.com/photo/103/bigphoto/812/4298812_0.jpg,#4298812,,429495,$197 ,"$2,172 ",397,Single Family,2687,2025-09-06T01:40:24.956Z,Redfin,2178,https://www.redfin.com/SC/Indian-Land/2146-Flicker-RD-29707/unit-1033C/home/197639506,2026,,,,
$293/mo,"4211 Plumeria Way, Fort Mill, SC 29707",3,4,"Listing at 4211 Plumeria Way, Fort Mill, SC 29707",278,For sale,"2,178 sq ft",https://ssl.cdn-redfin.com/photo/103/bigphoto/677/4298677_1.jpg,#4298677,,469500,$183 ,"$2,374 ",741,Single Family,3053,2025-09-06T01:40:35.340Z,Redfin,2570,https://www.redfin.com/SC/Fort-Mill/4211-Plumeria-Way-29707/home/182444836,2023,,,,
$200/mo,"2142 Flicker Rd Unit 1033A, Indian Land, SC 29707",3.5,4,"Listing at 2142 Flicker Rd Unit 1033A, Indian Land, SC 29707",266,For sale,"2,265 sq ft",https://ssl.cdn-redfin.com/photo/103/bigphoto/815/4298815_0.jpg,#4298815,,450000,$203 ,"$2,275 ",416,Single Family,3033,2025-09-06T01:40:54.094Z,Redfin,2212,https://www.redfin.com/SC/Indian-Land/2142-Flicker-RD-29707/unit-1033A/home/197639520,2026,,,,
$200/mo,"2148 Flicker Rd Unit 1033D, Indian Land, SC 29707",3.5,4,"Listing at 2148 Flicker Rd Unit 1033D, Indian Land, SC 29707",259,For sale,"2,265 sq ft",https://ssl.cdn-redfin.com/photo/103/bigphoto/814/4298814_0.jpg,#4298814,,438490,$198 ,"$2,217 ",406,Single Family,3033,2025-09-06T01:41:32.419Z,Redfin,2212,https://www.redfin.com/SC/Indian-Land/2148-Flicker-RD-29707/unit-1033D/home/197639505,2026,,,,
$216/mo,"4009 Abbotsbury Dr, Fort Mill, SC 29707",2.5,2,"Listing at 4009 Abbotsbury Dr, Fort Mill, SC 29707",186,For sale,"1,306 sq ft",https://ssl.cdn-redfin.com/photo/103/bigphoto/739/4292739_2.jpg,#4292739,,315000,$203 ,"$1,593 ",93,Single Family,2290,2025-09-06T01:42:01.798Z,Redfin,1553,https://www.redfin.com/SC/Fort-Mill/4009-Abbottsbury-Dr-29707/home/52143451,2004,,,,
$611/mo,"2005 White Cedar Ln #1501, Indian Land, SC 29707",2,2,"Listing at 2005 White Cedar Ln #1501, Indian Land, SC 29707",213,For sale,"3,484 sq ft",https://ssl.cdn-redfin.com/photo/103/bigphoto/438/4297438_0.jpg,#4297438,,360000,$265 ,"$1,820 ",333,Single Family,2371,2025-09-06T01:42:18.375Z,Redfin,1356,https://www.redfin.com/SC/Fort-Mill/2005-White-Cedar-Ln-29707/unit-1501/home/197556382,2008,,,,
$75/mo,"79 Easton Ml, Morgantown, WV 26508",3,2,"Listing at 79 Easton Ml, Morgantown, WV 26508",139,For sale,,https://ssl.cdn-redfin.com/photo/628/bigphoto/404/10161404_0.jpg,#10161404,1 car garage,235000,$130 ,"$1,188 ",114,Single Family,1793,2025-09-06T01:43:25.644Z,Redfin,1803,https://www.redfin.com/WV/Morgantown/79-Easton-Mill-Rd-26508/home/190947052,2005,,,,
$67/mo,"129 Inlet St, Morgantown, WV 26508",2.5,3,"Listing at 129 Inlet St, Morgantown, WV 26508",130,For sale,,https://ssl.cdn-redfin.com/photo/628/bigphoto/393/10161393_0.jpg,#10161393,,219000,$152 ,"$1,107 ",88,Single Family,1657,2025-09-06T01:43:42.124Z,Redfin,1445,https://www.redfin.com/WV/Little-Falls/129-Inlet-St-26508/home/190945178,2018,,,,
$83/mo,"214 Tarbert Ct, Morgantown, WV 26508",3.5,4,"Listing at 214 Tarbert Ct, Morgantown, WV 26508",228,For sale,"2,788 sq ft",https://ssl.cdn-redfin.com/photo/628/bigphoto/030/10161030_0.jpg,#10161030,,384900,$147 ,"$1,946 ",123,Single Family,2217,2025-09-06T01:44:05.809Z,Redfin,2616,https://www.redfin.com/WV/Morgantown/214-Tarbert-Ct-26508/home/190942633,2011,,,,
$30/mo,"2879 Ridgebury, Meridian, ID 83646",,3,"Listing at 2879 Ridgebury, Meridian, ID 83646",110,For sale,"5,227 sq ft",https://ssl.cdn-redfin.com/photo/228/bigphoto/611/98960611_0.jpg,#98960611,,489900,$319 ,"$2,477 ",148,Single Family,2303,2025-09-06T01:45:06.051Z,Redfin,1534,https://www.redfin.com/ID/Meridian/2879-N-Ridgebury-Ave-83646/home/106805348,2008,,,,
$62/mo,"5831 N Saguaro Hills Pl, Meridian, ID 83646",,3,"Listing at 5831 N Saguaro Hills Pl, Meridian, ID 83646",171,For sale,"10,018 sq ft",https://ssl.cdn-redfin.com/photo/228/bigphoto/637/98960637_0.jpg,#98960637,,760000,$320 ,"$3,843 ",219,Single Family,2877,2025-09-06T01:45:16.142Z,Redfin,2375,https://www.redfin.com/ID/Meridian/5831-N-Saguaro-Hills-Pl-83646/home/106805491,2012,,,,
$117/mo,"2075 W Three Lakes Dr, Meridian, ID 83646",,6,"Listing at 2075 W Three Lakes Dr, Meridian, ID 83646",786,For sale,0.74 acres,https://ssl.cdn-redfin.com/photo/228/bigphoto/541/98960541_0.jpg,#98960541,,3495000,$480 ,"$17,673 ",910,Single Family,4441,2025-09-06T01:45:49.849Z,Redfin,7288,https://www.redfin.com/ID/Meridian/2075-W-Three-Lakes-Dr-83646/home/106773739,2019,,,,
$72/mo,"4518 N Panaro Ave, Meridian, ID 83646",,4,"Listing at 4518 N Panaro Ave, Meridian, ID 83646",180,For sale,"8,624 sq ft",https://ssl.cdn-redfin.com/photo/228/bigphoto/383/98960383_0.jpg,#98960383,,799900,$299 ,"$4,045 ",216,Single Family,3241,2025-09-06T01:46:08.423Z,Redfin,2674,https://www.redfin.com/ID/Meridian/4518-N-Panaro-Ave-83646/home/172392704,2020,,,,
$21/mo,"1458 W Sandy Ct, Meridian, ID 83646",,4,"Listing at 1458 W Sandy Ct, Meridian, ID 83646",444,For sale,1.54 acres,https://ssl.cdn-redfin.com/photo/228/bigphoto/335/98960335_3.jpg,#98960335,,1975000,$456 ,"$9,987 ",420,Single Family,3500,2025-09-06T01:46:30.872Z,Redfin,4333,https://www.redfin.com/ID/Meridian/1458-W-Sandy-Ct-83646/home/106659115,2024,[object Object],3060,3930,RentCast
$38/mo,"4221 N Elsinore Ave, Meridian, ID 83646",,4,"Listing at 4221 N Elsinore Ave, Meridian, ID 83646",128,For sale,"6,534 sq ft",https://ssl.cdn-redfin.com/photo/228/bigphoto/267/98960267_1.jpg,#98960267,,570000,$212 ,"$2,882 ",166,Single Family,2867,2025-09-06T01:46:47.774Z,Redfin,2688,https://www.redfin.com/ID/Meridian/4221-N-Elsinore-Ave-83646/home/146701106,2019,,,,
$200/mo,"7689 W Lookout View St, Meridian, ID 83646",,3,"Listing at 7689 W Lookout View St, Meridian, ID 83646",214,For sale,"10,062 sq ft",https://ssl.cdn-redfin.com/photo/228/bigphoto/015/98960015_5.jpg,#98960015,,949900,$380 ,"$4,803 ",78,Single Family,3090,2025-09-06T01:47:21.767Z,Redfin,2499,https://www.redfin.com/ID/Meridian/7689-W-Lookout-View-St-83646/home/194183838,2025,[object Object],2750,3430,RentCast
$51/mo,"1824 W Ham Rapids St, Meridian, ID 83646",,4,"Listing at 1824 W Ham Rapids St, Meridian, ID 83646",124,For sale,"7,710 sq ft",https://ssl.cdn-redfin.com/photo/228/bigphoto/726/98959726_0.jpg,#98959726,,549000,$268 ,"$2,776 ",139,Single Family,2534,2025-09-06T01:48:09.733Z,Redfin,2051,https://www.redfin.com/ID/Meridian/1824-W-Ham-Rapids-St-83646/home/106803588,2005,,,,
$24/mo,"12029 Granite Court Ct, ROCKTON, IL 61072",2.5,3,"Listing at 12029 Granite Court Ct, ROCKTON, IL 61072",194,For sale,0.35 acres,https://ssl.cdn-redfin.com/photo/439/bigphoto/873/202504873_0.jpg,#202504873,,530000,$236 ,"$2,680 ",826,Single Family,2821,2025-09-06T01:49:45.531Z,Redfin,2245,https://www.redfin.com/IL/Rockton/12029-Granite-Ct-61072/home/17572978,2022,,,,
,"11577 Old River Rd, Rockton, IL 61072",3,4,"Listing at 11577 Old River Rd, Rockton, IL 61072",266,For sale,5.76 acres,https://ssl.cdn-redfin.com/photo/68/bigphoto/526/12398526_0.jpg,#12398526,3 car garage,725000,$171 ,"$3,666 ",1103,Single Family,2470,2025-09-06T01:50:02.270Z,Redfin,4251,https://www.redfin.com/IL/Rockton/11577-Old-River-Rd-61072/home/17577525,1988,[object Object],2160,2780,RentCast
